,Ticker,Report Date,SimFinId,Currency,Fiscal Year,Fiscal Period,Publish Date,Restated Date,Shares (Basic),Shares (Diluted),"Cash, Cash Equivalents & Short Term Investments",Accounts & Notes Receivable,Inventories,Total Current Assets,"Property, Plant & Equipment, Net",Long Term Investments & Receivables,Other Long Term Assets,Total Noncurrent Assets,Total Assets,Payables & Accruals,Short Term Debt,Total Current Liabilities,Long Term Debt,Total Noncurrent Liabilities,Total Liabilities,Share Capital & Additional Paid-In Capital,Treasury Stock,Retained Earnings,Total Equity,Total Liabilities & Equity,Qtr,Quick Ratio,Current Ratio,Debt-to-Equity Ratio,Long Term Debt-to-Equity Ratio,Short Term Debt-to-Equity Ratio,Ticker,Report Date,SimFinId,Currency,Fiscal Year,Fiscal Period,Publish Date,Restated Date,Shares (Basic),Shares (Diluted),Revenue,Cost of Revenue,Gross Profit,Operating Expenses,"Selling, General & Administrative",Research & Development,Depreciation & Amortization,Operating Income (Loss),Non-Operating Income (Loss),"Interest Expense, Net","Pretax Income (Loss), Adj.",Abnormal Gains (Losses),Pretax Income (Loss),"Income Tax (Expense) Benefit, Net",Income (Loss) from Continuing Operations,Net Extraordinary Gains (Losses),Net Income,Net Income (Common),Qtr,Gross Profit Margin,Net Profit Margin,Operating Margin,EPS,Interest Coverage Ratio
0,LUV,2008-12-31,205563,USD,2008,Q4,2009-02-02,2010-01-29,739000000.0,749000000.0,1803000000.0,,203000000.0,2653000000.0,11040000000.0,,375000000.0,11415000000.0,14068000000,1680000000.0,163000000.0,2806000000.0,3498000000.0,6309000000.0,9115000000,2023000000.0,-1005000000.0,4919000000.0,4953000000.0,14068000000,2008Q4,0.8731290092658589,0.9454739843193157,1.8402988088027459,0.7062386432465173,0.03290934786997779,LUV,2008-12-31,205563,USD,2008,Q4,2009-02-02,2011-02-08,739000000.0,749000000.0,2733000000.0,-2164000000.0,569000000.0,-499000000.0,,,-154000000.0,70000000.0,-153000000.0,-28000000.0,-83000000,,-83000000,26000000.0,-57000000,,-57000000,-57000000,2008Q4,0.20819612147822905,-0.020856201975850714,0.02561287961946579,-0.07713125845737483,-0.07713125845737483
1,LUV,2009-03-31,205563,USD,2009,Q1,2009-04-29,2009-04-29,740000000.0,740000000.0,2134000000.0,,171000000.0,2996000000.0,10813000000.0,,370000000.0,11183000000.0,14179000000,1709000000.0,163000000.0,3123000000.0,3447000000.0,6128000000.0,9251000000,2027000000.0,-996000000.0,4819000000.0,4928000000.0,14179000000,2009Q1,0.90457893051553,0.9593339737431956,1.8772321428571428,0.6994724025974026,0.033076298701298704,LUV,2009-03-31,205563,USD,2009,Q1,2009-04-29,2010-04-26,740000000.0,740000000.0,2357000000.0,-1929000000.0,428000000.0,-478000000.0,,,-150000000.0,-50000000.0,-57000000.0,-40000000.0,-107000000,,-107000000,16000000.0,-91000000,,-91000000,-91000000,2009Q1,0.18158676283411115,-0.03860840050912177,-0.021213406873143825,-0.12297297297297298,-0.12297297297297298
2,LUV,2009-06-30,205563,USD,2009,Q2,2009-10-22,2009-10-22,741000000.0,741000000.0,2198000000.0,,200000000.0,3094000000.0,10661000000.0,,272000000.0,10933000000.0,14027000000,1756000000.0,105000000.0,3068000000.0,3278000000.0,5811000000.0,8879000000,2031000000.0,-986000000.0,4900000000.0,5148000000.0,14027000000,2009Q2,0.9432855280312907,1.0084745762711864,1.7247474747474747,0.6367521367521367,0.020396270396270396,LUV,2009-06-30,205563,USD,2009,Q2,2009-10-22,2010-08-02,741000000.0,741000000.0,2616000000.0,-2005000000.0,611000000.0,-488000000.0,,,-150000000.0,123000000.0,-16000000.0,-44000000.0,107000000,,107000000,-16000000.0,91000000,,91000000,91000000,2009Q2,0.23356269113149847,0.034785932721712536,0.047018348623853214,0.12280701754385964,0.12280701754385964
3,LUV,2009-09-30,205563,USD,2009,Q3,2009-10-23,2009-10-23,742000000.0,742000000.0,2254000000.0,,196000000.0,3127000000.0,10698000000.0,,275000000.0,10973000000.0,14100000000,1612000000.0,198000000.0,3024000000.0,3378000000.0,5859000000.0,8883000000,2034000000.0,-978000000.0,4876000000.0,5217000000.0,14100000000,2009Q3,0.9692460317460317,1.0340608465608465,1.7027027027027026,0.6474985623921794,0.03795284646348476,LUV,2009-09-30,205563,USD,2009,Q3,2009-10-23,2010-10-28,742000000.0,742000000.0,2666000000.0,-2158000000.0,508000000.0,-486000000.0,,,-162000000.0,22000000.0,-42000000.0,-45000000.0,-20000000,,-20000000,4000000.0,-16000000,,-16000000,-16000000,2009Q3,0.1905476369092273,-0.006001500375093774,0.008252063015753939,-0.0215633423180593,-0.0215633423180593
4,LUV,2009-12-31,205563,USD,2009,Q4,2010-01-29,2011-02-08,741000000.0,741000000.0,2593000000.0,,221000000.0,3358000000.0,10634000000.0,,277000000.0,10911000000.0,14269000000,1461000000.0,190000000.0,2695000000.0,3325000000.0,6120000000.0,8815000000,2024000000.0,-963000000.0,4971000000.0,5454000000.0,14269000000,2009Q4,1.1640074211502782,1.2460111317254174,1.6162449578291163,0.6096442977631097,0.034836817015034834,LUV,2009-12-31,205563,USD,2009,Q4,2010-01-29,2012-02-09,741000000.0,741000000.0,2711000000.0,-2043000000.0,668000000.0,-501000000.0,,,-154000000.0,167000000.0,17000000.0,-44000000.0,184000000,0.0,184000000,-69000000.0,115000000,,115000000,115000000,2009Q4,0.24640354112873478,0.042419771302102546,0.061600885282183694,0.15519568151147098,0.15519568151147098
5,LUV,2010-03-31,205563,USD,2010,Q1,2010-04-26,2010-04-26,743000000.0,744000000.0,2773000000.0,,227000000.0,3621000000.0,10621000000.0,,288000000.0,10909000000.0,14530000000,1348000000.0,170000000.0,2918000000.0,3305000000.0,6076000000.0,8994000000,2026000000.0,-945000000.0,4973000000.0,5536000000.0,14530000000,2010Q1,1.1631254283755996,1.2409184372858122,1.6246387283236994,0.5970014450867052,0.03070809248554913,LUV,2010-03-31,205563,USD,2010,Q1,2010-04-26,2011-04-25,743000000.0,744000000.0,2630000000.0,-2088000000.0,542000000.0,-488000000.0,,,-154000000.0,54000000.0,-37000000.0,-38000000.0,17000000,,17000000,-6000000.0,11000000,,11000000,11000000,2010Q1,0.20608365019011407,0.004182509505703422,0.02053231939163498,0.014804845222072678,0.014804845222072678
6,LUV,2010-06-30,205563,USD,2010,Q2,2010-08-02,2010-08-02,745000000.0,746000000.0,3124000000.0,,226000000.0,3971000000.0,10627000000.0,,389000000.0,11016000000.0,14987000000,1729000000.0,123000000.0,3338000000.0,3324000000.0,6101000000.0,9439000000,2029000000.0,-915000000.0,5075000000.0,5548000000.0,14987000000,2010Q2,1.121929298981426,1.1896345116836429,1.7013338139870224,0.5991348233597693,0.02217015140591204,LUV,2010-06-30,205563,USD,2010,Q2,2010-08-02,2011-08-05,745000000.0,746000000.0,3168.0,-2324.0,844.0,-481.0,,,-154.0,363.0,-179.0,-38.0,184,0.0,184,-72.0,112,,112,112,2010Q2,0.26641414141414144,0.03535353535353535,0.11458333333333333,1.5033557046979865e-07,1.5033557046979865e-07
7,LUV,2010-09-30,205563,USD,2010,Q3,2010-10-28,2010-10-28,746000000.0,747000000.0,3379000000.0,,231000000.0,4042000000.0,10566000000.0,,535000000.0,11101000000.0,15143000000,1651000000.0,113000000.0,3187000000.0,3350000000.0,6006000000.0,9193000000,2033000000.0,-903000000.0,5273000000.0,5950000000.0,15143000000,2010Q3,1.1957954188892375,1.2682773768434263,1.5450420168067227,0.5630252100840336,0.01899159663865546,LUV,2010-09-30,205563,USD,2010,Q3,2010-10-28,2011-11-08,746000000.0,747000000.0,3192000000.0,-2313000000.0,879000000.0,-523000000.0,,,-161000000.0,356000000.0,-23000000.0,-41000000.0,333000000,-1000000.0,332000000,-127000000.0,205000000,,205000000,205000000,2010Q3,0.27537593984962405,0.06422305764411028,0.11152882205513784,0.27479892761394104,0.27479892761394104
8,LUV,2010-12-31,205563,USD,2010,Q4,2011-02-08,2012-02-09,750000000.0,751000000.0,3538000000.0,,243000000.0,4279000000.0,10578000000.0,,606000000.0,11184000000.0,15463000000,1602000000.0,505000000.0,3305000000.0,2875000000.0,5921000000.0,9226000000,1991000000.0,-891000000.0,5399000000.0,6237000000.0,15463000000,2010Q4,1.221180030257186,1.2947049924357035,1.4792368125701458,0.4609587942921276,0.08096841430174763,LUV,2010-12-31,205563,USD,2010,Q4,2011-02-08,2013-02-07,750000000.0,751000000.0,6281996832.0,-4660997676.0,1620999156.0,-1034999519.0,,,-312999846.0,585999637.0,-182999821.0,-75999962.0,402999816,-7000000.0,395999816,-152999928.0,242999888,,242999888,242999888,2010Q4,0.25803883690974777,0.03868195010258165,0.09328238339996667,0.32399985066666664,0.32399985066666664
9,LUV,2011-03-31,205563,USD,2011,Q1,2011-04-25,2011-04-25,748000000.0,749000000.0,4465000000.0,,320000000.0,5329000000.0,10496000000.0,,589000000.0,11085000000.0,16414000000,1743000000.0,905000000.0,4358000000.0,2428000000.0,5469000000.0,9827000000,1994000000.0,-885000000.0,5399000000.0,6587000000.0,16414000000,2011Q1,1.1493804497475906,1.2228086278109225,1.4918779413997267,0.36860482769090636,0.1373918323971459,LUV,2011-03-31,205563,USD,2011,Q1,2011-04-25,2012-04-25,748000000.0,749000000.0,3103000000.0,-2438000000.0,665000000.0,-534000000.0,,,-155000000.0,131000000.0,-96000000.0,-40000000.0,35000000,-17000000.0,18000000,-13000000.0,5000000,,5000000,5000000,2011Q1,0.21430873348372542,0.0016113438607798904,0.04221720915243313,0.0066844919786096255,0.0066844919786096255
10,LUV,2011-06-30,205563,USD,2011,Q2,2011-08-05,2011-08-05,780000000.0,787000000.0,4374.0,,394.0,5421.0,11721.0,,1803.0,13524.0,18945,2179.0,990.0,5318.0,3242.0,6425.0,11743,2027.0,-116.0,5398.0,7202.0,18945,2011Q2,0.9452801805189921,1.019368183527642,1.6305193001943905,0.4501527353512913,0.13746181616217718,LUV,2011-06-30,205563,USD,2011,Q2,2011-08-05,2012-07-27,780000000.0,787000000.0,4136000000.0,-3224000000.0,912000000.0,-647000000.0,,,-176000000.0,265000000.0,68000000.0,-47000000.0,333000000,-58000000.0,275000000,-114000000.0,161000000,,161000000,161000000,2011Q2,0.2205029013539652,0.03892649903288201,0.0640715667311412,0.2064102564102564,0.2064102564102564
11,LUV,2011-09-30,205563,USD,2011,Q3,2011-11-08,2011-11-08,792000000.0,792000000.0,3656000000.0,,459000000.0,4594000000.0,11834000000.0,,1457000000.0,13291000000.0,17885000000,2276000000.0,986000000.0,5320000000.0,3220000000.0,6080000000.0,11400000000,2030000000.0,-283000000.0,5251000000.0,6485000000.0,17885000000,2011Q3,0.7772556390977443,0.8635338345864662,1.7579028527370857,0.49653045489591363,0.1520431765612953,LUV,2011-09-30,205563,USD,2011,Q3,2011-11-08,2012-10-26,792000000.0,792000000.0,4311000000.0,-3351000000.0,960000000.0,-713000000.0,,,-191000000.0,247000000.0,-451000000.0,-49000000.0,-204000000,-22000000.0,-226000000,86000000.0,-140000000,,-140000000,-140000000,2011Q3,0.22268615170494085,-0.032475063790303876,0.05729529111575041,-0.17676767676767677,-0.17676767676767677
12,LUV,2011-12-31,205563,USD,2011,Q4,2012-02-09,2013-02-07,776000000.0,772000000.0,3144000000.0,,401000000.0,4345000000.0,12127000000.0,,1596000000.0,13723000000.0,18068000000,2053000000.0,644000000.0,4533000000.0,3107000000.0,6658000000.0,11191000000,2030000000.0,-324000000.0,5395000000.0,6877000000.0,18068000000,2011Q4,0.870063975292301,0.9585263622325171,1.627308419368911,0.45179584120982985,0.09364548494983277,LUV,2011-12-31,205563,USD,2011,Q4,2012-02-09,2014-02-04,776000000.0,772000000.0,4108000000.0,-3224000000.0,884000000.0,-700000000.0,,,-193000000.0,184000000.0,109000000.0,-48000000.0,293000000,-37000000.0,256000000,-104000000.0,152000000,,152000000,152000000,2011Q4,0.21518987341772153,0.03700097370983447,0.044790652385589096,0.1958762886597938,0.1958762886597938
13,LUV,2012-03-31,205563,USD,2012,Q1,2012-04-25,2012-04-25,771000000.0,772000000.0,3784000000.0,,432000000.0,5120000000.0,12095000000.0,,1611000000.0,13706000000.0,18826000000,2232000000.0,259000000.0,5047000000.0,3048000000.0,6682000000.0,11729000000,2033000000.0,-365000000.0,5486000000.0,7097000000.0,18826000000,2012Q1,0.9288686348325738,1.0144640380424015,1.6526701423136536,0.4294772439058757,0.036494293363392986,LUV,2012-03-31,205563,USD,2012,Q1,2012-04-25,2013-05-02,771000000.0,772000000.0,3991000000.0,-3265000000.0,726000000.0,-691000000.0,,,-201000000.0,35000000.0,137000000.0,-38000000.0,172000000,-13000000.0,159000000,-61000000.0,98000000,,98000000,98000000,2012Q1,0.18190929591581056,0.024555249310949635,0.008769731896767727,0.12710765239948119,0.12710765239948119
14,LUV,2012-06-30,205563,USD,2012,Q2,2012-07-27,2012-07-27,757000000.0,764000000.0,3256000000.0,,446000000.0,4691000000.0,12342000000.0,,1483000000.0,13825000000.0,18516000000,2295000000.0,257000000.0,5080000000.0,3019000000.0,6596000000.0,11676000000,2032000000.0,-564000000.0,5692000000.0,6840000000.0,18516000000,2012Q2,0.8356299212598425,0.9234251968503937,1.707017543859649,0.441374269005848,0.03757309941520468,LUV,2012-06-30,205563,USD,2012,Q2,2012-07-27,2013-07-31,757000000.0,764000000.0,4616000000.0,-3440000000.0,1176000000.0,-705000000.0,,,-202000000.0,471000000.0,-92000000.0,-36000000.0,379000000,-11000000.0,368000000,-140000000.0,228000000,,228000000,228000000,2012Q2,0.25476603119584057,0.049393414211438474,0.10203639514731369,0.3011889035667107,0.3011889035667107
15,LUV,2012-09-30,205563,USD,2012,Q3,2012-10-26,2012-10-26,739000000.0,740000000.0,3235000000.0,,544000000.0,4652000000.0,12572000000.0,,1589000000.0,14161000000.0,18813000000,2180000000.0,265000000.0,4969000000.0,2961000000.0,6842000000.0,11811000000,2036000000.0,-609000000.0,5700000000.0,7002000000.0,18813000000,2012Q3,0.8267256993358825,0.9362044676997384,1.6868037703513281,0.42287917737789205,0.03784632962010854,LUV,2012-09-30,205563,USD,2012,Q3,2012-10-26,2013-10-30,739000000.0,740000000.0,4309000000.0,-3387000000.0,922000000.0,-726000000.0,,,-217000000.0,196000000.0,-18000000.0,-33000000.0,178000000,-145000000.0,33000000,-17000000.0,16000000,,16000000,16000000,2012Q3,0.21397075887676956,0.0037131585054537017,0.04548619169180784,0.02165087956698241,0.02165087956698241
16,LUV,2012-12-31,205563,USD,2012,Q4,2013-02-07,2014-02-04,733000000.0,752000000.0,2970000000.0,,469000000.0,4227000000.0,12766000000.0,,1603000000.0,14369000000.0,18596000000,2209000000.0,271000000.0,4650000000.0,2883000000.0,6954000000.0,11604000000,2018000000.0,-675000000.0,5768000000.0,6992000000.0,18596000000,2012Q4,0.8081720430107527,0.9090322580645162,1.6596109839816933,0.4123283752860412,0.03875858123569794,LUV,2012-12-31,205563,USD,2012,Q4,2013-02-07,2015-02-06,733000000.0,752000000.0,4172000000.0,-3307000000.0,865000000.0,-761000000.0,,,-224000000.0,104000000.0,35000000.0,-33000000.0,139000000,-14000000.0,125000000,-46000000.0,79000000,,79000000,79000000,2012Q4,0.2073346116970278,0.01893576222435283,0.024928092042186004,0.1077762619372442,0.1077762619372442
17,LUV,2013-03-31,205563,USD,2013,Q1,2013-05-02,2013-05-02,725000000.0,727000000.0,3135000000.0,,480000000.0,4514000000.0,13130000000.0,,1553000000.0,14683000000.0,19197000000,2254000000.0,280000000.0,5411000000.0,2708000000.0,6825000000.0,12236000000,2022000000.0,-768000000.0,5818000000.0,6961000000.0,19197000000,2013Q1,0.7455183884679357,0.8342265754943633,1.7577934204855625,0.38902456543600056,0.040224105731935064,LUV,2013-03-31,205563,USD,2013,Q1,2013-05-02,2014-05-01,725000000.0,727000000.0,4084000000.0,-3290000000.0,794000000.0,-711000000.0,,,-210000000.0,83000000.0,24000000.0,-27000000.0,107000000,-13000000.0,94000000,-35000000.0,59000000,,59000000,59000000,2013Q1,0.19441723800195887,0.01444662095984329,0.020323212536728696,0.08137931034482758,0.08137931034482758
18,LUV,2013-06-30,205563,USD,2013,Q2,2013-07-31,2013-07-31,714000000.0,722000000.0,3393000000.0,,461000000.0,4864000000.0,13164000000.0,,1354000000.0,14518000000.0,19382000000,2439000000.0,263000000.0,5779000000.0,2671000000.0,6822000000.0,12601000000,2009000000.0,-995000000.0,6015000000.0,6781000000.0,19382000000,2013Q2,0.7618965218896003,0.84166810866932,1.8582804896033034,0.39389470579560537,0.038784839994101164,LUV,2013-06-30,205563,USD,2013,Q2,2013-07-31,2014-07-30,714000000.0,722000000.0,4643000000.0,-3452000000.0,1191000000.0,-732000000.0,,,-213000000.0,459000000.0,-70000000.0,-31000000.0,389000000,-26000000.0,363000000,-139000000.0,224000000,,224000000,224000000,2013Q2,0.25651518414818003,0.04824466939478785,0.09885849666164118,0.3137254901960784,0.3137254901960784
19,LUV,2013-09-30,205563,USD,2013,Q3,2013-10-30,2013-10-30,703000000.0,711000000.0,3328000000.0,,521000000.0,4773000000.0,13203000000.0,,1388000000.0,14591000000.0,19364000000,2306000000.0,259000000.0,5546000000.0,2616000000.0,6805000000.0,12351000000,2013000000.0,-1132000000.0,6246000000.0,7013000000.0,19364000000,2013Q3,0.7666786873422287,0.8606202668589975,1.7611578497076856,0.37302153144160843,0.03693141308997576,LUV,2013-09-30,205563,USD,2013,Q3,2013-10-30,2014-10-29,703000000.0,711000000.0,4545000000.0,-3374000000.0,1171000000.0,-753000000.0,,,-221000000.0,418000000.0,29000000.0,-34000000.0,447000000,-28000000.0,419000000,-160000000.0,259000000,,259000000,259000000,2013Q3,0.25764576457645766,0.05698569856985698,0.09196919691969196,0.3684210526315789,0.3684210526315789
20,LUV,2013-12-31,205563,USD,2013,Q4,2014-02-04,2015-02-06,698000000.0,712000000.0,3152000000.0,,467000000.0,4456000000.0,13389000000.0,,1500000000.0,14889000000.0,19345000000,2476000000.0,629000000.0,5676000000.0,2191000000.0,6333000000.0,12009000000,2039000000.0,-1131000000.0,6431000000.0,7336000000.0,19345000000,2013Q4,0.702783650458069,0.7850599013389711,1.6369956379498365,0.29866412213740456,0.08574154852780808,LUV,2013-12-31,205563,USD,2013,Q4,2014-02-04,2016-02-03,698000000.0,712000000.0,4427000000.0,-3226000000.0,1201000000.0,-797000000.0,,,-223000000.0,404000000.0,-52000000.0,-33000000.0,352000000,-19000000.0,333000000,-121000000.0,212000000,,212000000,212000000,2013Q4,0.27128981251411793,0.047887960243957535,0.09125818838942851,0.3037249283667622,0.3037249283667622
21,LUV,2014-03-31,205563,USD,2014,Q1,2014-05-01,2014-05-01,698000000.0,707000000.0,3498000000.0,,438000000.0,4814000000.0,13420000000.0,,1742000000.0,15162000000.0,19976000000,2467000000.0,642000000.0,6441000000.0,2172000000.0,6345000000.0,12786000000,2064000000.0,-1417000000.0,6555000000.0,7190000000.0,19976000000,2014Q1,0.679397609066915,0.7473994721316566,1.7783031988873435,0.30208623087621694,0.08929068150208623,LUV,2014-03-31,205563,USD,2014,Q1,2014-05-01,2015-04-30,698000000.0,707000000.0,4166000000.0,-3186000000.0,980000000.0,-747000000.0,,,-221000000.0,233000000.0,29000000.0,-31000000.0,262000000,-18000000.0,244000000,-92000000.0,152000000,,152000000,152000000,2014Q1,0.23523763802208353,0.03648583773403745,0.055928948631781085,0.2177650429799427,0.2177650429799427
22,LUV,2014-06-30,205563,USD,2014,Q2,2014-07-30,2014-07-30,690000000.0,698000000.0,3994000000.0,,435000000.0,5317000000.0,13727000000.0,,1847000000.0,15574000000.0,20891000000,2937000000.0,605000000.0,7027000000.0,2153000000.0,6348000000.0,13375000000,2071000000.0,-1645000000.0,6979000000.0,7516000000.0,20891000000,2014Q2,0.6947488259570229,0.7566529102035008,1.7795369877594465,0.2864555614688664,0.08049494411921235,LUV,2014-06-30,205563,USD,2014,Q2,2014-07-30,2015-07-31,690000000.0,698000000.0,5011000000.0,-3437000000.0,1574000000.0,-761000000.0,,,-228000000.0,813000000.0,-29000000.0,-32000000.0,784000000,-38000000.0,746000000,-281000000.0,465000000,,465000000,465000000,2014Q2,0.3141089602873678,0.0927958491319098,0.16224306525643584,0.6739130434782609,0.6739130434782609
23,LUV,2014-09-30,205563,USD,2014,Q3,2014-10-29,2014-10-29,683000000.0,691000000.0,3560000000.0,,429000000.0,4985000000.0,13965000000.0,,1589000000.0,15554000000.0,20539000000,2462000000.0,607000000.0,6446000000.0,2125000000.0,6664000000.0,13110000000,2088000000.0,-1833000000.0,7266000000.0,7429000000.0,20539000000,2014Q3,0.7067949115730686,0.7733478125969594,1.7647058823529411,0.28604118993135014,0.08170682460627271,LUV,2014-09-30,205563,USD,2014,Q3,2014-10-29,2015-10-29,683000000.0,691000000.0,4800000000.0,-3357000000.0,1443000000.0,-806000000.0,,,-238000000.0,637000000.0,-89000000.0,-29000000.0,548000000,-23000000.0,525000000,-196000000.0,329000000,,329000000,329000000,2014Q3,0.300625,0.06854166666666667,0.13270833333333334,0.4816983894582723,0.4816983894582723
24,LUV,2014-12-31,205563,USD,2014,Q4,2015-02-11,2016-02-03,677000000.0,688000000.0,2988000000.0,,342000000.0,3927000000.0,14292000000.0,,1504000000.0,15796000000.0,19723000000,2768000000.0,258000000.0,5923000000.0,2434000000.0,7025000000.0,12948000000,2123000000.0,-2026000000.0,7416000000.0,6775000000.0,19723000000,2014Q4,0.6052676008779335,0.6630086105014351,1.9111439114391144,0.3592619926199262,0.03808118081180812,LUV,2014-12-31,205563,USD,2014,Q4,2015-02-11,2017-02-07,677000000.0,688000000.0,4628000000.0,-3131000000.0,1497000000.0,-829000000.0,,,-251000000.0,668000000.0,-320000000.0,-31000000.0,348000000,-47000000.0,301000000,-111000000.0,190000000,,190000000,190000000,2014Q4,0.32346585998271393,0.04105445116681072,0.14433880726015558,0.28064992614475626,0.28064992614475626
25,LUV,2015-03-31,205563,USD,2015,Q1,2015-04-30,2015-04-30,674000000.0,682000000.0,3438000000.0,,304000000.0,4963000000.0,14607000000.0,,1593000000.0,16200000000.0,21163000000,3019000000.0,271000000.0,6903000000.0,2416000000.0,7358000000.0,14261000000,2137000000.0,-2322000000.0,7829000000.0,6902000000.0,21163000000,2015Q1,0.6749239461103868,0.7189627698102274,2.066212691973341,0.3500434656621269,0.03926398145465083,LUV,2015-03-31,205563,USD,2015,Q1,2015-04-30,2016-04-29,674000000.0,682000000.0,4414000000.0,-2870000000.0,1544000000.0,-741000000.0,,,-244000000.0,803000000.0,-57000000.0,-31000000.0,746000000,-23000000.0,723000000,-270000000.0,453000000,,453000000,453000000,2015Q1,0.3497961033076575,0.10262800181241505,0.18192115994562755,0.672106824925816,0.672106824925816
26,LUV,2015-06-30,205563,USD,2015,Q2,2015-07-31,2015-07-31,665000000.0,673000000.0,3132000000.0,,326000000.0,4596000000.0,14860000000.0,,1619000000.0,16479000000.0,21075000000,2785000000.0,276000000.0,6876000000.0,2411000000.0,7041000000.0,13917000000,2127000000.0,-2692000000.0,8387000000.0,7158000000.0,21075000000,2015Q2,0.621000581733566,0.6684118673647469,1.9442581726739312,0.33682592903045544,0.038558256496227995,LUV,2015-06-30,205563,USD,2015,Q2,2015-07-31,2016-07-28,665000000.0,673000000.0,5111000000.0,-3210000000.0,1901000000.0,-813000000.0,,,-250000000.0,1088000000.0,-108000000.0,-27000000.0,980000000,-3000000.0,977000000,-369000000.0,608000000,,608000000,608000000,2015Q2,0.37194286832322443,0.11895910780669144,0.21287419291723733,0.9142857142857143,0.9142857142857143
27,LUV,2015-09-30,205563,USD,2015,Q3,2015-10-29,2015-10-29,655000000.0,663000000.0,3096000000.0,,308000000.0,4573000000.0,14929000000.0,,1657000000.0,16586000000.0,21159000000,3284000000.0,287000000.0,7084000000.0,2381000000.0,7107000000.0,14191000000,2138000000.0,-3189000000.0,8922000000.0,6968000000.0,21159000000,2015Q3,0.6020609824957651,0.6455392433653303,2.0365958668197472,0.34170493685419057,0.04118828932261768,LUV,2015-09-30,205563,USD,2015,Q3,2015-10-29,2016-10-31,655000000.0,663000000.0,5318000000.0,-3257000000.0,2061000000.0,-830000000.0,,,-258000000.0,1231000000.0,-292000000.0,-29000000.0,939000000,-6000000.0,933000000,-349000000.0,584000000,,584000000,584000000,2015Q3,0.3875517111696126,0.10981572019556224,0.23147799924783755,0.8916030534351145,0.8916030534351145
28,LUV,2015-12-31,205563,USD,2015,Q4,2016-02-03,2017-02-07,650000000.0,658000000.0,3051000000.0,,311000000.0,4024000000.0,15601000000.0,,1687000000.0,17288000000.0,21312000000,3779000000.0,637000000.0,7406000000.0,2541000000.0,6548000000.0,13954000000,2182000000.0,-3182000000.0,9409000000.0,7358000000.0,21312000000,2015Q4,0.5013502565487442,0.5433432352146907,1.8964392497961402,0.345338407175863,0.08657243816254417,LUV,2015-12-31,205563,USD,2015,Q4,2016-02-03,2018-02-07,650000000.0,658000000.0,4977000000.0,-3071000000.0,1906000000.0,-873000000.0,,,-263000000.0,1033000000.0,-180000000.0,-25000000.0,853000000,-7000000.0,846000000,-310000000.0,536000000,,536000000,536000000,2015Q4,0.3829616234679526,0.10769539883463934,0.20755475185854932,0.8246153846153846,0.8246153846153846
29,LUV,2016-03-31,205563,USD,2016,Q1,2016-04-29,2016-04-29,641000000.0,648000000.0,3582000000.0,,289000000.0,4574000000.0,15964000000.0,,1703000000.0,17667000000.0,22241000000,3625000000.0,953000000.0,8253000000.0,2355000000.0,6492000000.0,14745000000,2195000000.0,-3677000000.0,9872000000.0,7496000000.0,22241000000,2016Q1,0.5192051375257483,0.5542227068944626,1.9670490928495197,0.3141675560298826,0.12713447171824974,LUV,2016-03-31,205563,USD,2016,Q1,2016-04-29,2017-05-03,641000000.0,648000000.0,4826000000.0,-3014000000.0,1812000000.0,-868000000.0,,,-290000000.0,944000000.0,-128000000.0,-25000000.0,816000000,,816000000,-303000000.0,513000000,,513000000,513000000,2016Q1,0.37546622461665974,0.1062992125984252,0.19560712805636138,0.8003120124804992,0.8003120124804992
30,LUV,2016-06-30,205563,USD,2016,Q2,2016-07-28,2016-07-28,632000000.0,639000000.0,3415000000.0,,328000000.0,4469000000.0,16294000000.0,,1684000000.0,17978000000.0,22447000000,3116000000.0,963000000.0,7833000000.0,2391000000.0,6793000000.0,14626000000,2191000000.0,-4373000000.0,10631000000.0,7821000000.0,22447000000,2016Q2,0.5286607940763437,0.5705349163794204,1.870093338447769,0.30571538166474876,0.12313003452243959,LUV,2016-06-30,205563,USD,2016,Q2,2016-07-28,2017-08-01,632000000.0,639000000.0,5384000000.0,-3190000000.0,2194000000.0,-918000000.0,,,-299000000.0,1276000000.0,28000000.0,-26000000.0,1304000000,,1304000000,-484000000.0,820000000,,820000000,820000000,2016Q2,0.4075037147102526,0.15230312035661217,0.23699851411589895,1.2974683544303798,1.2974683544303798
31,LUV,2016-09-30,205563,USD,2016,Q3,2016-10-31,2016-10-31,618000000.0,625000000.0,3446000000.0,,331000000.0,4839000000.0,16546000000.0,,1660000000.0,18206000000.0,23045000000,3167000000.0,972000000.0,7816000000.0,2323000000.0,7182000000.0,14998000000,2210000000.0,-4621000000.0,10957000000.0,8047000000.0,23045000000,2016Q3,0.5767656090071648,0.619114636642784,1.86380017397788,0.28867901081148256,0.1207903566546539,LUV,2016-09-30,205563,USD,2016,Q3,2016-10-31,2017-11-01,618000000.0,625000000.0,5139000000.0,-3471000000.0,1668000000.0,-973000000.0,,,-315000000.0,695000000.0,-77000000.0,-25000000.0,618000000,,618000000,-230000000.0,388000000,,388000000,388000000,2016Q3,0.32457676590776413,0.07550107024712979,0.13524031912823506,0.627831715210356,0.627831715210356
32,LUV,2016-12-31,205563,USD,2016,Q4,2017-02-07,2018-02-07,617000000.0,620000000.0,3305000000.0,,337000000.0,4498000000.0,17044000000.0,,1744000000.0,18788000000.0,23286000000,3163000000.0,566000000.0,6844000000.0,2821000000.0,8001000000.0,14845000000,2218000000.0,-4872000000.0,11418000000.0,8441000000.0,23286000000,2016Q4,0.6079777907656342,0.657218001168907,1.758677881767563,0.3342021087548869,0.06705366662717688,LUV,2016-12-31,205563,USD,2016,Q4,2017-02-07,2018-02-07,617000000.0,620000000.0,5076000000.0,-3255000000.0,1821000000.0,-976000000.0,,,-317000000.0,845000000.0,-36000000.0,-22000000.0,809000000,0.0,809000000,-286000000.0,523000000,,523000000,523000000,2016Q4,0.3587470449172577,0.10303388494877856,0.1664696611505122,0.8476499189627229,0.8476499189627229
33,LUV,2017-03-31,205563,USD,2017,Q1,2017-05-03,2017-05-03,613000000.0,614000000.0,3482000000.0,,356000000.0,4658000000.0,17286000000.0,,1819000000.0,19105000000.0,23763000000,3161000000.0,285000000.0,7458000000.0,2781000000.0,8101000000.0,15559000000,2227000000.0,-5419000000.0,11708000000.0,8204000000.0,23763000000,2017Q1,0.5768302493966211,0.6245642263341379,1.8965138956606533,0.3389809848854217,0.034739151633349584,LUV,2017-03-31,205563,USD,2017,Q1,2017-05-03,2018-05-01,613000000.0,614000000.0,4854000000.0,-3242000000.0,1612000000.0,-1006000000.0,,,-318000000.0,606000000.0,-74000000.0,-22000000.0,532000000,,532000000,-193000000.0,339000000,,339000000,339000000,2017Q1,0.33209723939019364,0.06983930778739184,0.12484548825710753,0.5530179445350734,0.5530179445350734
34,LUV,2017-06-30,205563,USD,2017,Q2,2017-08-01,2017-08-01,604000000.0,605000000.0,3152000000.0,,365000000.0,4343000000.0,17679000000.0,,1899000000.0,19578000000.0,23921000000,2778000000.0,307000000.0,7097000000.0,2788000000.0,8294000000.0,15391000000,2230000000.0,-5815000000.0,12378000000.0,8530000000.0,23921000000,2017Q2,0.5605185289558968,0.6119487107228406,1.804337631887456,0.3268464243845252,0.035990621336459555,LUV,2017-06-30,205563,USD,2017,Q2,2017-08-01,2018-08-01,604000000.0,605000000.0,5731000000.0,-3470000000.0,2261000000.0,-1046000000.0,,,-319000000.0,1215000000.0,-50000000.0,-19000000.0,1165000000,,1165000000,-422000000.0,743000000,,743000000,743000000,2017Q2,0.39452102599895306,0.1296457860757285,0.2120048857093003,1.2301324503311257,1.2301324503311257
35,LUV,2017-09-30,205563,USD,2017,Q3,2017-11-01,2017-11-01,597000000.0,598000000.0,3040000000.0,,438000000.0,4280000000.0,18156000000.0,,1813000000.0,19969000000.0,24249000000,2717000000.0,316000000.0,6965000000.0,2763000000.0,8484000000.0,15449000000,2244000000.0,-6114000000.0,12806000000.0,8800000000.0,24249000000,2017Q3,0.5516152189519024,0.6145010768126346,1.7555681818181819,0.3139772727272727,0.03590909090909091,LUV,2017-09-30,205563,USD,2017,Q3,2017-11-01,2017-11-01,597000000.0,598000000.0,5271000000.0,-3436000000.0,1835000000.0,-1001000000.0,,,-302000000.0,834000000.0,-43000000.0,-19000000.0,791000000,,791000000,-288000000.0,503000000,,503000000,503000000,2017Q3,0.34813128438626445,0.09542781255928666,0.15822424587364825,0.8425460636515912,0.8425460636515912
36,LUV,2017-12-31,205563,USD,2017,Q4,2018-02-07,2018-08-01,590000000.0,595000000.0,3273000000.0,,420000000.0,4815000000.0,18539000000.0,,1756000000.0,20295000000.0,25110000000,3020000000.0,348000000.0,6863000000.0,3320000000.0,8606000000.0,15469000000,2259000000.0,-6462000000.0,13832000000.0,9641000000.0,25110000000,2017Q4,0.6403904997814367,0.7015882267230075,1.6045016077170418,0.3443626179856861,0.036095840680427344,LUV,2017-12-31,205563,USD,2017,Q4,2018-02-07,2018-02-07,590000000.0,595000000.0,5315000000.0,-3602000000.0,1713000000.0,-853000000.0,,,-279000000.0,860000000.0,-97000000.0,-19000000.0,763000000,0.0,763000000,1140000000.0,1903000000,,1903000000,1903000000,2017Q4,0.32229539040451555,0.35804327375352774,0.16180620884289745,3.2254237288135594,3.2254237288135594
37,LUV,2018-03-31,205563,USD,2018,Q1,2018-05-01,2018-05-01,587000000.0,588000000.0,3243000000.0,,430000000.0,4801000000.0,18773000000.0,,1929000000.0,20702000000.0,25503000000,2377000000.0,365000000.0,7162000000.0,3227000000.0,8722000000.0,15884000000,2260000000.0,-6957000000.0,14238000000.0,9619000000.0,25503000000,2018Q1,0.6103043842502094,0.6703434794750069,1.6513151055203243,0.3354818588210833,0.037945732404615864,LUV,2018-03-31,205563,USD,2018,Q1,2018-05-01,2018-05-01,587000000.0,588000000.0,4944000000.0,-3426000000.0,1518000000.0,-902000000.0,,,-277000000.0,616000000.0,-14000000.0,-20000000.0,602000000,,602000000,-139000000.0,463000000,,463000000,463000000,2018Q1,0.3070388349514563,0.09364886731391586,0.12459546925566344,0.7887563884156729,0.7887563884156729
38,LUV,2018-06-30,205563,USD,2018,Q2,2018-08-01,2018-08-01,578000000.0,579000000.0,3686000000.0,,459000000.0,5408000000.0,19066000000.0,,1991000000.0,21057000000.0,26465000000,2699000000.0,365000000.0,7716000000.0,3155000000.0,8752000000.0,16468000000,2277000000.0,-7456000000.0,14878000000.0,9997000000.0,26465000000,2018Q2,0.6413945049248315,0.7008812856402281,1.6472941882564769,0.31559467840352107,0.036510953285985796,LUV,2018-06-30,205563,USD,2018,Q2,2018-08-01,2018-08-01,578000000.0,579000000.0,5742000000.0,-3747000000.0,1995000000.0,-1023000000.0,,,-292000000.0,972000000.0,-12000000.0,-18000000.0,960000000,,960000000,-227000000.0,733000000,,733000000,733000000,2018Q2,0.34743991640543365,0.1276558690351794,0.16927899686520376,1.268166089965398,1.268166089965398
39,LUV,2018-09-30,205563,USD,2018,Q3,2018-10-30,2018-10-30,569000000.0,569000000.0,3820000000.0,,483000000.0,5601000000.0,19279000000.0,,2002000000.0,21281000000.0,26882000000,2741000000.0,346000000.0,7843000000.0,3100000000.0,8886000000.0,16729000000,2293000000.0,-7954000000.0,15402000000.0,10153000000.0,26882000000,2018Q3,0.6525564197373454,0.7141399974499554,1.647690337831183,0.30532847434255883,0.03407859745887915,LUV,2018-09-30,205563,USD,2018,Q3,2018-10-30,2018-10-30,569000000.0,569000000.0,5575000000.0,-3737000000.0,1838000000.0,-1040000000.0,,,-301000000.0,798000000.0,-12000000.0,-13000000.0,786000000,,786000000,-171000000.0,615000000,,615000000,615000000,2018Q3,0.3296860986547085,0.11031390134529148,0.1431390134529148,1.0808435852372584,1.0808435852372584
40,LUV,2018-12-31,205563,USD,2018,Q4,2019-02-05,2019-02-05,558000000.0,560000000.0,3689000000.0,,461000000.0,5028000000.0,19525000000.0,,1690000000.0,21215000000.0,26243000000,3165000000.0,606000000.0,7905000000.0,2771000000.0,8485000000.0,16390000000,2318000000.0,-8452000000.0,15967000000.0,9853000000.0,26243000000,2018Q4,0.5777356103731816,0.6360531309297913,1.6634527555059373,0.2812341418857201,0.061504110423221355,LUV,2018-12-31,205563,USD,2018,Q4,2019-02-05,2019-02-05,558000000.0,560000000.0,5704000000.0,-3796000000.0,1908000000.0,-1088000000.0,,,-331000000.0,820000000.0,-4000000.0,-11000000.0,816000000,,816000000,-162000000.0,654000000,,654000000,654000000,2018Q4,0.3345021037868163,0.11465638148667602,0.14375876577840113,1.1720430107526882,1.1720430107526882
41,LUV,2019-03-31,205563,USD,2019,Q1,2019-04-30,2019-04-30,551000000.0,552000000.0,3861000000.0,,484000000.0,5483000000.0,17773000000.0,,3203000000.0,20976000000.0,26459000000,2762000000.0,571000000.0,8723000000.0,2602000000.0,7945000000.0,16668000000,2321000000.0,-8946000000.0,16320000000.0,9791000000.0,26459000000,2019Q1,0.5730826550498682,0.628568153158317,1.7023797364926974,0.26575426412011033,0.05831886426309876,LUV,2019-03-31,205563,USD,2019,Q1,2019-04-30,2019-04-30,551000000.0,552000000.0,5149000000.0,-3617000000.0,1532000000.0,-1027000000.0,,,-297000000.0,505000000.0,-1000000.0,-8000000.0,504000000,,504000000,-117000000.0,387000000,,387000000,387000000,2019Q1,0.297533501650806,0.07516022528646339,0.09807729656243931,0.7023593466424682,0.7023593466424682
42,LUV,2019-06-30,205563,USD,2019,Q2,2019-07-30,2019-07-30,542000000.0,542000000.0,3986000000.0,,510000000.0,5554000000.0,17733000000.0,,3087000000.0,20820000000.0,26374000000,2645000000.0,654000000.0,8611000000.0,2449000000.0,7823000000.0,16434000000,2342000000.0,-9394000000.0,16962000000.0,9940000000.0,26374000000,2019Q2,0.585762396934154,0.6449889675995819,1.6533199195171027,0.24637826961770623,0.06579476861167002,LUV,2019-06-30,205563,USD,2019,Q2,2019-07-30,2019-07-30,542000000.0,542000000.0,5909000000.0,-3871000000.0,2038000000.0,-1070000000.0,,,-302000000.0,968000000.0,0.0,-7000000.0,968000000,,968000000,-227000000.0,741000000,,741000000,741000000,2019Q2,0.3448976138094432,0.12540192926045016,0.16381790489084447,1.367158671586716,1.367158671586716
43,LUV,2019-09-30,205563,USD,2019,Q3,2019-11-08,2019-11-08,533000000.0,534000000.0,4016000000.0,,528000000.0,5650000000.0,17842000000.0,,2975000000.0,20817000000.0,26467000000,2730000000.0,637000000.0,8629000000.0,2398000000.0,7907000000.0,16536000000,2362000000.0,-9893000000.0,17525000000.0,9931000000.0,26467000000,2019Q3,0.5935797890833237,0.6547688028740294,1.66508911489276,0.24146611620179237,0.06414258382841607,LUV,2019-09-30,205563,USD,2019,Q3,2019-11-08,2019-11-08,533000000.0,534000000.0,5639000000.0,-3750000000.0,1889000000.0,-1070000000.0,,,-308000000.0,819000000.0,0.0,-7000000.0,819000000,,819000000,-160000000.0,659000000,,659000000,659000000,2019Q3,0.3349884731335343,0.11686469232133356,0.1452385174676361,1.2363977485928705,1.2363977485928705
44,LUV,2019-12-31,205563,USD,2019,Q4,2020-02-04,2021-02-08,526000000.0,528000000.0,4072000000.0,1086000000.0,529000000.0,5974000000.0,17025000000.0,,2896000000.0,19921000000.0,25895000000,3323000000.0,819000000.0,8952000000.0,1846000000.0,7111000000.0,16063000000,2389000000.0,-10441000000.0,17945000000.0,9832000000.0,25895000000,2019Q4,0.6082439678284183,0.66733690795353,1.633746948738812,0.18775427176566314,0.08329943043124491,LUV,2019-12-31,205563,USD,2019,Q4,2020-02-04,2020-02-04,526000000.0,528000000.0,5731000000.0,-3988000000.0,1743000000.0,-1078000000.0,,,-312000000.0,665000000.0,1000000.0,-6000000.0,666000000,,666000000,-153000000.0,513000000,,513000000,513000000,2019Q4,0.3041354039434654,0.08951317396614901,0.11603559588204501,0.9752851711026616,0.9752851711026616
45,LUV,2020-03-31,205563,USD,2020,Q1,2020-04-28,2020-04-28,515000000.0,515000000.0,5545000000.0,,518000000.0,7028000000.0,16989000000.0,,2868000000.0,19857000000.0,26885000000,2080000000.0,2795000000.0,10241000000.0,2288000000.0,7569000000.0,17810000000,2390000000.0,-10886000000.0,17757000000.0,9075000000.0,26885000000,2020Q1,0.6356801093643198,0.6862611073137389,1.962534435261708,0.25212121212121213,0.30798898071625347,LUV,2020-03-31,205563,USD,2020,Q1,2020-04-28,2021-04-27,515000000.0,515000000.0,4234000000.0,-3335000000.0,899000000.0,-1009000000.0,,,-311000000.0,-110000000.0,-34000000.0,-11000000.0,-144000000,,-144000000,50000000.0,-94000000,,-94000000,-94000000,2020Q1,0.21232876712328766,-0.022201228153046763,-0.025980160604629193,-0.1825242718446602,-0.1825242718446602
46,DAL,2011-06-30,231789,USD,2011,Q2,2011-07-27,2011-07-27,838000000.0,844000000.0,3610000000.0,1456000000.0,318000000.0,7307000000.0,20307000000.0,,15574000000.0,35881000000.0,43188000000,3737000000.0,2073000000.0,11385000000.0,13179000000.0,30906000000.0,42291000000,13926000000.0,-199000000.0,-9252000000.0,897000000.0,43188000000,2011Q2,0.6138779095300835,0.6418093983311375,47.147157190635454,14.692307692307692,2.311036789297659,DAL,2011-06-30,231789,USD,2011,Q2,2011-07-27,2012-07-25,838000000.0,844000000.0,9153000000.0,-7287000000.0,1866000000.0,-1241000000.0,-440000000.0,,-381000000.0,625000000.0,-273000000.0,-233000000.0,352000000,-157000000.0,195000000,3000000.0,198000000,,198000000,198000000,2011Q2,0.20386758439855784,0.021632251720747297,0.06828362285589425,0.23627684964200477,0.23627684964200477
47,DAL,2011-09-30,231789,USD,2011,Q3,2011-10-25,2011-10-25,838000000.0,844000000.0,3265000000.0,1816000000.0,380000000.0,7329000000.0,20256000000.0,,15451000000.0,35707000000.0,43036000000,3705000000.0,1937000000.0,12012000000.0,12557000000.0,29802000000.0,41814000000,13983000000.0,-214000000.0,-8823000000.0,1222000000.0,43036000000,2011Q3,0.5785048285048285,0.6101398601398601,34.217675941080195,10.275777414075286,1.5851063829787233,DAL,2011-09-30,231789,USD,2011,Q3,2011-10-25,2012-10-26,838000000.0,844000000.0,9816000000.0,-7498000000.0,2318000000.0,-1455000000.0,-480000000.0,,-384000000.0,863000000.0,-308000000.0,-229000000.0,555000000,-8000000.0,547000000,2000000.0,549000000,,549000000,549000000,2011Q3,0.23614506927465362,0.05592909535452323,0.08791768541157294,0.6551312649164678,0.6551312649164678
48,DAL,2011-12-31,231789,USD,2011,Q4,2012-02-10,2013-02-13,839000000.0,851000000.0,3615000000.0,1563000000.0,535000000.0,7729000000.0,20223000000.0,,15547000000.0,35770000000.0,43499000000,4516000000.0,2262000000.0,12701000000.0,11847000000.0,32194000000.0,44895000000,13999000000.0,-231000000.0,-8398000000.0,-1396000000.0,43499000000,2011Q4,0.566412093535942,0.6085347610424376,-32.15974212034384,-8.486389684813753,-1.6203438395415473,DAL,2011-12-31,231789,USD,2011,Q4,2012-02-10,2014-02-24,839000000.0,851000000.0,8399000000.0,-6358000000.0,2041000000.0,-1227000000.0,-393000000.0,,-382000000.0,814000000.0,-260000000.0,-218000000.0,554000000,-138000000.0,416000000,9000000.0,425000000,,425000000,425000000,2011Q4,0.24300511965710203,0.05060126205500655,0.09691629955947137,0.5065554231227652,0.5065554231227652
49,DAL,2012-03-31,231789,USD,2012,Q1,2012-04-25,2012-04-25,843000000.0,847000000.0,3870000000.0,1807000000.0,364000000.0,8299000000.0,20332000000.0,,15558000000.0,35890000000.0,44189000000,4110000000.0,1855000000.0,13646000000.0,11521000000.0,31554000000.0,45200000000,14015000000.0,-234000000.0,-8274000000.0,-1011000000.0,44189000000,2012Q1,0.5814890810493918,0.6081635644144804,-44.7082096933729,-11.395647873392681,-1.834817012858556,DAL,2012-03-31,231789,USD,2012,Q1,2012-04-25,2013-04-24,843000000.0,847000000.0,8413000000.0,-6861000000.0,1552000000.0,-1182000000.0,-380000000.0,,-386000000.0,370000000.0,-255000000.0,-221000000.0,115000000,12000000.0,127000000,-3000000.0,124000000,,124000000,124000000,2012Q1,0.18447640556281944,0.014739094258885059,0.04397955544989897,0.14709371293001186,0.14709371293001186
50,DAL,2012-06-30,231789,USD,2012,Q2,2012-07-25,2012-07-25,845000000.0,845000000.0,3498000000.0,1828000000.0,393000000.0,8457000000.0,20609000000.0,,15654000000.0,36263000000.0,44720000000,5045000000.0,1779000000.0,14693000000.0,11221000000.0,31162000000.0,45855000000,14031000000.0,-234000000.0,-8442000000.0,-1135000000.0,44720000000,2012Q2,0.5488327775131014,0.5755802082624379,-40.40088105726872,-9.886343612334802,-1.5674008810572688,DAL,2012-06-30,231789,USD,2012,Q2,2012-07-25,2013-08-01,845000000.0,845000000.0,9732000000.0,-8093000000.0,1639000000.0,-1312000000.0,-393000000.0,,-388000000.0,327000000.0,-298000000.0,-207000000.0,29000000,-193000000.0,-164000000,-4000000.0,-168000000,,-168000000,-168000000,2012Q2,0.16841348129880807,-0.01726263871763255,0.033600493218249074,-0.19881656804733727,-0.19881656804733727
51,DAL,2012-09-30,231789,USD,2012,Q3,2012-10-26,2012-10-26,846000000.0,850000000.0,3233000000.0,1785000000.0,403000000.0,8163000000.0,20599000000.0,,15590000000.0,36189000000.0,44352000000,4801000000.0,1546000000.0,13224000000.0,11111000000.0,31176000000.0,44400000000,14045000000.0,-234000000.0,-7395000000.0,-48000000.0,44352000000,2012Q3,0.5868118572292801,0.6172867513611615,-925.0,-231.47916666666666,-32.208333333333336,DAL,2012-09-30,231789,USD,2012,Q3,2012-10-26,2013-10-23,846000000.0,850000000.0,9923000000.0,-7039000000.0,2884000000.0,-1427000000.0,-440000000.0,,-392000000.0,1457000000.0,-244000000.0,-195000000.0,1213000000,-161000000.0,1052000000,-5000000.0,1047000000,,1047000000,1047000000,2012Q3,0.29063791192179783,0.10551244583291343,0.1468305955860123,1.2375886524822695,1.2375886524822695
52,DAL,2012-12-31,231789,USD,2012,Q4,2013-02-13,2014-02-24,846000000.0,858000000.0,3374000000.0,1693000000.0,1023000000.0,8272000000.0,20713000000.0,,15565000000.0,36278000000.0,44550000000,5101000000.0,2082000000.0,13270000000.0,11082000000.0,33411000000.0,46681000000,14069000000.0,-234000000.0,-7389000000.0,-2131000000.0,44550000000,2012Q4,0.5462697814619443,0.6233609645817634,-21.905678085405913,-5.20037541060535,-0.9770061004223369,DAL,2012-12-31,231789,USD,2012,Q4,2013-02-13,2015-02-11,846000000.0,858000000.0,8602000000.0,-6931000000.0,1671000000.0,-1198000000.0,-377000000.0,,-399000000.0,473000000.0,-235000000.0,-382000000.0,238000000,-228000000.0,10000000,-4000000.0,6000000,,6000000,6000000,2012Q4,0.19425714950011624,0.0006975122064636131,0.054987212276214836,0.0070921985815602835,0.0070921985815602835
53,DAL,2013-03-31,231789,USD,2013,Q1,2013-04-24,2013-04-24,848000000.0,855000000.0,3594000000.0,1994000000.0,995000000.0,8641000000.0,20793000000.0,,15634000000.0,36427000000.0,45068000000,4501000000.0,2197000000.0,14068000000.0,10721000000.0,32943000000.0,47011000000,14120000000.0,-255000000.0,-7382000000.0,-1943000000.0,45068000000,2013Q1,0.5435029854990049,0.6142308785897072,-24.195059186824498,-5.51775604734946,-1.1307256819351519,DAL,2013-03-31,231789,USD,2013,Q1,2013-04-24,2014-04-24,848000000.0,855000000.0,8500000000.0,-7038000000.0,1462000000.0,-1138000000.0,-357000000.0,,-405000000.0,324000000.0,-219000000.0,-178000000.0,105000000,-102000000.0,3000000,4000000.0,7000000,,7000000,7000000,2013Q1,0.172,0.0008235294117647059,0.03811764705882353,0.008254716981132075,0.008254716981132075
54,DAL,2013-06-30,231789,USD,2013,Q2,2013-08-01,2013-08-01,850000000.0,859000000.0,3923000000.0,2084000000.0,962000000.0,8895000000.0,21049000000.0,,15828000000.0,36877000000.0,45772000000,4739000000.0,2299000000.0,14775000000.0,10526000000.0,32181000000.0,46956000000,14150000000.0,-255000000.0,-6748000000.0,-1184000000.0,45772000000,2013Q2,0.5369204737732657,0.6020304568527919,-39.65878378378378,-8.890202702702704,-1.941722972972973,DAL,2013-06-30,231789,USD,2013,Q2,2013-08-01,2014-07-24,850000000.0,859000000.0,9707000000.0,-7453000000.0,2254000000.0,-1306000000.0,-408000000.0,,-415000000.0,948000000.0,-228000000.0,-172000000.0,720000000,-34000000.0,686000000,-1000000.0,685000000,,685000000,685000000,2013Q2,0.23220356443803442,0.07056763160605749,0.09766148140517153,0.8058823529411765,0.8058823529411765
55,DAL,2013-09-30,231789,USD,2013,Q3,2013-10-23,2013-10-23,851000000.0,861000000.0,3977000000.0,1969000000.0,1032000000.0,8951000000.0,21297000000.0,,15749000000.0,37046000000.0,45997000000,4932000000.0,2368000000.0,14134000000.0,10077000000.0,31726000000.0,45860000000,14096000000.0,-256000000.0,-5379000000.0,137000000.0,45997000000,2013Q3,0.5602801754634216,0.6332955992641857,334.7445255474453,73.55474452554745,17.284671532846716,DAL,2013-09-30,231789,USD,2013,Q3,2013-10-23,2014-10-24,851000000.0,861000000.0,10490000000.0,-7268000000.0,3222000000.0,-1553000000.0,-447000000.0,,-418000000.0,1669000000.0,-200000000.0,-176000000.0,1469000000,-106000000.0,1363000000,6000000.0,1369000000,,1369000000,1369000000,2013Q3,0.3071496663489037,0.13050524308865585,0.15910390848427072,1.608695652173913,1.608695652173913
56,DAL,2013-12-31,231789,USD,2013,Q4,2014-04-30,2015-02-11,847000000.0,857000000.0,3803000000.0,1609000000.0,1063000000.0,9651000000.0,21854000000.0,,20747000000.0,42601000000.0,52252000000,6476000000.0,1547000000.0,14152000000.0,9795000000.0,26457000000.0,40609000000,13982000000.0,-258000000.0,3049000000.0,11643000000.0,52252000000,2013Q4,0.606840022611645,0.6819530808366309,3.4878467748861977,0.8412780211285751,0.13286953534312462,DAL,2013-12-31,231789,USD,2013,Q4,2014-04-30,2016-02-05,847000000.0,857000000.0,9076000000.0,-6925000000.0,2151000000.0,-1290000000.0,-391000000.0,,-420000000.0,861000000.0,-226000000.0,-326000000.0,635000000,-160000000.0,475000000,8004000000.0,8479000000,,8479000000,8479000000,2013Q4,0.23699867783164388,0.9342221242838255,0.09486557955046276,10.010625737898465,10.010625737898465
57,DAL,2014-03-31,231789,USD,2014,Q1,2014-04-24,2014-04-24,844000000.0,853000000.0,3658000000.0,2042000000.0,948000000.0,9746000000.0,21972000000.0,,20449000000.0,42421000000.0,52167000000,4633000000.0,2182000000.0,15010000000.0,9466000000.0,25516000000.0,40526000000,13876000000.0,-307000000.0,3211000000.0,11641000000.0,52167000000,2014Q1,0.5861425716189207,0.6493004663557628,3.481316038141053,0.8131603814105317,0.18744094149987114,DAL,2014-03-31,231789,USD,2014,Q1,2014-04-24,2015-04-15,844000000.0,853000000.0,8916000000.0,-6954000000.0,1962000000.0,-1293000000.0,-373000000.0,,-442000000.0,669000000.0,-267000000.0,-186000000.0,402000000,-67000000.0,335000000,-122000000.0,213000000,,213000000,213000000,2014Q1,0.22005383580080753,0.02388963660834455,0.0750336473755047,0.2523696682464455,0.2523696682464455
58,DAL,2014-06-30,231789,USD,2014,Q2,2014-07-24,2014-07-24,841000000.0,850000000.0,4081000000.0,2104000000.0,961000000.0,10517000000.0,22048000000.0,,19626000000.0,41674000000.0,52191000000,5106000000.0,1836000000.0,15209000000.0,9089000000.0,24779000000.0,39988000000,13687000000.0,-309000000.0,3962000000.0,12203000000.0,52191000000,2014Q2,0.6283121835755145,0.6914984548622526,3.2768991231664346,0.7448168483159878,0.1504548061951979,DAL,2014-06-30,231789,USD,2014,Q2,2014-07-24,2015-07-15,841000000.0,850000000.0,10621000000.0,-7373000000.0,3248000000.0,-1639000000.0,-440000000.0,,-451000000.0,1609000000.0,-281000000.0,-173000000.0,1328000000,-30000000.0,1298000000,-497000000.0,801000000,,801000000,801000000,2014Q2,0.30580924583372565,0.07541662743621128,0.15149232652292627,0.9524375743162902,0.9524375743162902
59,DAL,2014-09-30,231789,USD,2014,Q3,2014-10-24,2014-10-24,834000000.0,843000000.0,4362000000.0,2135000000.0,942000000.0,10995000000.0,21722000000.0,,19223000000.0,40945000000.0,51940000000,5778000000.0,1772000000.0,14813000000.0,8970000000.0,24831000000.0,39644000000,13464000000.0,-312000000.0,4244000000.0,12296000000.0,51940000000,2014Q3,0.6786606359279012,0.7422534260446905,3.2241379310344827,0.7295055302537411,0.14411190631099544,DAL,2014-09-30,231789,USD,2014,Q3,2014-10-24,2015-10-14,834000000.0,843000000.0,11178000000.0,-7958000000.0,3220000000.0,-1815000000.0,-476000000.0,,-440000000.0,1405000000.0,-256000000.0,-154000000.0,1149000000,-570000000.0,579000000,-222000000.0,357000000,,357000000,357000000,2014Q3,0.2880658436213992,0.031937734836285564,0.12569332617641796,0.42805755395683454,0.42805755395683454
60,DAL,2014-12-31,231789,USD,2014,Q4,2015-02-11,2016-02-05,825000000.0,834000000.0,3305000000.0,2297000000.0,852000000.0,9158000000.0,21929000000.0,,22918000000.0,44847000000.0,54005000000,7015000000.0,1184000000.0,16847000000.0,8477000000.0,28345000000.0,45192000000,12981000000.0,-313000000.0,3456000000.0,8813000000.0,54005000000,2014Q4,0.4930254644743871,0.5435982667537247,5.127879269261318,0.9618745035742653,0.13434698740496992,DAL,2014-12-31,231789,USD,2014,Q4,2015-02-11,2017-02-13,825000000.0,834000000.0,9647000000.0,-8802000000.0,845000000.0,-1606000000.0,-411000000.0,,-438000000.0,-761000000.0,-330000000.0,-137000000.0,-1091000000,-49000000.0,-1140000000,428000000.0,-712000000,,-712000000,-712000000,2014Q4,0.08759199751217996,-0.07380532808126879,-0.07888462734528869,-0.863030303030303,-0.863030303030303
61,DAL,2015-03-31,231789,USD,2015,Q1,2015-04-15,2015-04-15,818000000.0,826000000.0,3569000000.0,2057000000.0,801000000.0,12266000000.0,22023000000.0,,19463000000.0,41486000000.0,53752000000,6105000000.0,1261000000.0,17319000000.0,8305000000.0,27387000000.0,44706000000,12578000000.0,-365000000.0,4127000000.0,9046000000.0,53752000000,2015Q1,0.6619897222703389,0.7082395057451354,4.942073844793279,0.9180853415874419,0.13939862922838825,DAL,2015-03-31,231789,USD,2015,Q1,2015-04-15,2016-04-14,818000000.0,826000000.0,9388000000.0,-6496000000.0,2892000000.0,-1494000000.0,-386000000.0,,-470000000.0,1398000000.0,-212000000.0,-131000000.0,1186000000,,1186000000,-440000000.0,746000000,,746000000,746000000,2015Q1,0.30805283340434597,0.07946314443971027,0.14891350660417554,0.9119804400977995,0.9119804400977995
62,DAL,2015-06-30,231789,USD,2015,Q2,2015-07-15,2015-07-15,803000000.0,811000000.0,3787000000.0,1966000000.0,881000000.0,11441000000.0,22480000000.0,,18860000000.0,41340000000.0,52781000000,6383000000.0,1659000000.0,17082000000.0,7598000000.0,26136000000.0,43218000000,11681000000.0,-370000000.0,5540000000.0,9563000000.0,52781000000,2015Q2,0.6181945907973305,0.6697693478515396,4.519293108857053,0.7945205479452054,0.17348112516992575,DAL,2015-06-30,231789,USD,2015,Q2,2015-07-15,2016-07-15,803000000.0,811000000.0,10707000000.0,-6380000000.0,4327000000.0,-1853000000.0,-421000000.0,,-448000000.0,2474000000.0,-108000000.0,-127000000.0,2366000000,,2366000000,-881000000.0,1485000000,,1485000000,1485000000,2015Q2,0.40412814046885215,0.13869431213224992,0.23106379004389652,1.8493150684931507,1.8493150684931507
63,DAL,2015-09-30,231789,USD,2015,Q3,2015-10-14,2015-10-14,788000000.0,795000000.0,3811000000.0,1974000000.0,695000000.0,11973000000.0,22608000000.0,,19065000000.0,41673000000.0,53646000000,6857000000.0,1705000000.0,17608000000.0,7096000000.0,25693000000.0,43301000000,11285000000.0,-372000000.0,6748000000.0,10345000000.0,53646000000,2015Q3,0.6405043162199,0.6799750113584734,4.185693571773804,0.6859352344127598,0.16481391976800386,DAL,2015-09-30,231789,USD,2015,Q3,2015-10-14,2016-10-13,788000000.0,795000000.0,11107000000.0,-6837000000.0,4270000000.0,-2057000000.0,-463000000.0,,-466000000.0,2213000000.0,-141000000.0,-121000000.0,2072000000,,2072000000,-757000000.0,1315000000,,1315000000,1315000000,2015Q3,0.3844422436301432,0.118393805708112,0.1992437201764653,1.6687817258883249,1.6687817258883249
64,DAL,2015-12-31,231789,USD,2015,Q4,2016-02-05,2017-02-13,779000000.0,784000000.0,3437000000.0,2020000000.0,697000000.0,9056000000.0,23039000000.0,,21039000000.0,44078000000.0,53134000000,7244000000.0,1563000000.0,17526000000.0,6766000000.0,24758000000.0,42284000000,12936000000.0,-373000000.0,5562000000.0,10850000000.0,53134000000,2015Q4,0.4769485336072121,0.5167180189432843,3.8971428571428572,0.6235944700460829,0.1440552995391705,DAL,2015-12-31,231789,USD,2015,Q4,2016-02-05,2017-02-13,779000000.0,784000000.0,9502000000.0,-6159000000.0,3343000000.0,-1591000000.0,-402000000.0,,-451000000.0,1752000000.0,-184000000.0,-102000000.0,1568000000,-35000000.0,1533000000,-553000000.0,980000000,,980000000,980000000,2015Q4,0.35182066933277206,0.10313618185645128,0.18438223531888023,1.258023106546855,1.258023106546855
65,DAL,2016-03-31,231789,USD,2016,Q1,2016-04-14,2016-04-14,774000000.0,780000000.0,2914000000.0,2179000000.0,693000000.0,9306000000.0,23422000000.0,,20614000000.0,44036000000.0,53342000000,6354000000.0,1531000000.0,18108000000.0,6920000000.0,23982000000.0,42090000000,10339000000.0,-270000000.0,8462000000.0,11252000000.0,53342000000,2016Q1,0.47564612326043737,0.5139165009940357,3.740668325630999,0.6150017774617845,0.1360646996089584,DAL,2016-03-31,231789,USD,2016,Q1,2016-04-14,2017-04-12,774000000.0,780000000.0,9251000000.0,-6072000000.0,3179000000.0,-1639000000.0,-388000000.0,,-486000000.0,1540000000.0,-106000000.0,-107000000.0,1434000000,,1434000000,-488000000.0,946000000,,946000000,946000000,2016Q1,0.3436385255648038,0.10225921521997622,0.16646848989298454,1.2222222222222223,1.2222222222222223
66,DAL,2016-06-30,231789,USD,2016,Q2,2016-07-15,2016-07-15,758000000.0,763000000.0,2951000000.0,2102000000.0,795000000.0,7638000000.0,23975000000.0,,20021000000.0,43996000000.0,51634000000,6696000000.0,1115000000.0,16250000000.0,6689000000.0,23574000000.0,39824000000,9361000000.0,-272000000.0,10000000000.0,11810000000.0,51634000000,2016Q2,0.4211076923076923,0.47003076923076925,3.3720575783234548,0.5663844199830652,0.09441151566469094,DAL,2016-06-30,231789,USD,2016,Q2,2016-07-15,2017-07-13,758000000.0,763000000.0,10447000000.0,-6308000000.0,4139000000.0,-1716000000.0,-437000000.0,,-470000000.0,2423000000.0,-73000000.0,-93000000.0,2350000000,,2350000000,-804000000.0,1546000000,,1546000000,1546000000,2016Q2,0.39619029386426724,0.14798506748348808,0.231932612233177,2.0395778364116093,2.0395778364116093
67,DAL,2016-09-30,231789,USD,2016,Q3,2016-10-13,2016-10-13,740000000.0,744000000.0,3152000000.0,1996000000.0,775000000.0,7329000000.0,24105000000.0,,19514000000.0,43619000000.0,50948000000,6561000000.0,1092000000.0,15147000000.0,6473000000.0,23291000000.0,38438000000,8887000000.0,-274000000.0,11109000000.0,12510000000.0,50948000000,2016Q3,0.4326929424968641,0.4838581897405427,3.072581934452438,0.5174260591526778,0.08729016786570744,DAL,2016-09-30,231789,USD,2016,Q3,2016-10-13,2017-10-11,740000000.0,744000000.0,10483000000.0,-6721000000.0,3762000000.0,-1793000000.0,-466000000.0,,-474000000.0,1969000000.0,-69000000.0,-95000000.0,1900000000,,1900000000,-641000000.0,1259000000,,1259000000,1259000000,2016Q3,0.3588667366211962,0.12009920824191549,0.18782791185729275,1.7013513513513514,1.7013513513513514
68,DAL,2016-12-31,231789,USD,2016,Q4,2017-01-12,2017-10-11,732000000.0,733000000.0,3249000000.0,2064000000.0,891000000.0,7451000000.0,24375000000.0,,19435000000.0,43810000000.0,51261000000,7834000000.0,1131000000.0,15239000000.0,6201000000.0,23735000000.0,38974000000,12294000000.0,-274000000.0,7903000000.0,12287000000.0,51261000000,2016Q4,0.43047444058009054,0.4889428440186364,3.1719703751932937,0.5046797428176121,0.09204850655163994,DAL,2016-12-31,231789,USD,2016,Q4,2017-01-12,2017-02-13,732000000.0,733000000.0,9458000000.0,-6873000000.0,2585000000.0,-1565000000.0,-419000000.0,,-472000000.0,1020000000.0,-68000000.0,-93000000.0,952000000,0.0,952000000,-330000000.0,622000000,,622000000,622000000,2016Q4,0.27331359695495877,0.0657644322266864,0.10784521040389089,0.8497267759562842,0.8497267759562842
69,DAL,2017-03-31,231789,USD,2017,Q1,2017-04-12,2017-04-12,728000000.0,731000000.0,2650000000.0,2307000000.0,855000000.0,6880000000.0,24817000000.0,,19762000000.0,44579000000.0,51459000000,6807000000.0,1040000000.0,15953000000.0,8187000000.0,22561000000.0,38514000000,12443000000.0,-153000000.0,8226000000.0,12945000000.0,51459000000,2017Q1,0.37767191123926536,0.431266846361186,2.975202780996524,0.6324449594438007,0.08033989957512554,DAL,2017-03-31,231789,USD,2017,Q1,2017-04-12,2017-04-12,728000000.0,731000000.0,9148000000.0,-6533000000.0,2615000000.0,-1562000000.0,-404000000.0,,-540000000.0,1053000000.0,-138000000.0,-94000000.0,915000000,,915000000,-312000000.0,603000000,,603000000,603000000,2017Q1,0.28585483165719283,0.06591604722343682,0.11510712724092698,0.8282967032967034,0.8282967032967034
70,DAL,2017-06-30,231789,USD,2017,Q2,2017-07-13,2017-07-13,728000000.0,731000000.0,2988000000.0,2164000000.0,938000000.0,7177000000.0,25367000000.0,,19271000000.0,44638000000.0,51815000000,7442000000.0,1098000000.0,16631000000.0,7916000000.0,21705000000.0,38336000000,12279000000.0,-156000000.0,8905000000.0,13479000000.0,51815000000,2017Q2,0.37514280560399255,0.43154350309662676,2.8441279026634025,0.5872839231396988,0.08146004896505675,DAL,2017-06-30,231789,USD,2017,Q2,2017-07-13,2017-07-13,728000000.0,731000000.0,10791000000.0,-6899000000.0,3892000000.0,-1864000000.0,-458000000.0,,-535000000.0,2028000000.0,-137000000.0,-103000000.0,1891000000,,1891000000,-667000000.0,1224000000,,1224000000,1224000000,2017Q2,0.36067092947826895,0.1134278565471226,0.18793438976925214,1.6813186813186813,1.6813186813186813
71,DAL,2017-09-30,231789,USD,2017,Q3,2017-10-11,2017-10-11,716000000.0,719000000.0,2438000000.0,2399000000.0,1136000000.0,7083000000.0,25900000000.0,,18945000000.0,44845000000.0,51928000000,7985000000.0,1224000000.0,16496000000.0,7584000000.0,21431000000.0,37927000000,12133000000.0,-158000000.0,9502000000.0,14001000000.0,51928000000,2017Q3,0.360511639185257,0.4293768186226964,2.7088779372901937,0.5416755946003857,0.08742232697664452,DAL,2017-09-30,231789,USD,2017,Q3,2017-10-11,2017-10-11,716000000.0,719000000.0,11060000000.0,-7258000000.0,3802000000.0,-1963000000.0,-482000000.0,,-574000000.0,1839000000.0,-34000000.0,-100000000.0,1805000000,,1805000000,-627000000.0,1178000000,,1178000000,1178000000,2017Q3,0.3437613019891501,0.10650994575045208,0.1662748643761302,1.6452513966480447,1.6452513966480447
72,DAL,2017-12-31,231789,USD,2017,Q4,2018-02-23,2018-04-12,708000000.0,711000000.0,2639000000.0,2377000000.0,1329000000.0,7844000000.0,26563000000.0,,19304000000.0,45867000000.0,53711000000,8564000000.0,3309000000.0,18999000000.0,6592000000.0,22182000000.0,41181000000,12053000000.0,-158000000.0,8256000000.0,12530000000.0,53711000000,2017Q4,0.3429127848834149,0.412863834938681,3.28659217877095,0.52609736632083,0.26408619313647247,DAL,2017-12-31,231789,USD,2017,Q4,2018-02-23,2018-02-23,708000000.0,711000000.0,10245000000.0,-7104000000.0,3141000000.0,-1947000000.0,-443000000.0,,-586000000.0,1194000000.0,-104000000.0,-99000000.0,1090000000,,1090000000,-518000000.0,572000000,,572000000,572000000,2017Q4,0.30658857979502196,0.05583211322596388,0.11654465592972181,0.807909604519774,0.807909604519774
73,DAL,2018-03-31,231789,USD,2018,Q1,2018-04-12,2018-04-12,704000000.0,706000000.0,1970000000.0,2568000000.0,1146000000.0,7724000000.0,27096000000.0,,19258000000.0,46354000000.0,54078000000,7670000000.0,3351000000.0,20012000000.0,6360000000.0,21509000000.0,41521000000,11967000000.0,-194000000.0,8465000000.0,12557000000.0,54078000000,2018Q1,0.3287027783330002,0.3859684189486308,3.306601895357171,0.5064904037588596,0.26686310424464443,DAL,2018-03-31,231789,USD,2018,Q1,2018-04-12,2018-04-12,704000000.0,706000000.0,9968000000.0,-7498000000.0,2470000000.0,-1630000000.0,-427000000.0,,-610000000.0,840000000.0,-140000000.0,-102000000.0,700000000,18000000.0,718000000,-171000000.0,547000000,,547000000,547000000,2018Q1,0.24779293739967898,0.054875601926163725,0.08426966292134831,0.7769886363636364,0.7769886363636364
74,DAL,2018-06-30,231789,USD,2018,Q2,2018-07-12,2018-07-12,695000000.0,697000000.0,2406000000.0,2427000000.0,1589000000.0,7641000000.0,28124000000.0,,20031000000.0,48155000000.0,55796000000,7706000000.0,2404000000.0,19269000000.0,8562000000.0,23671000000.0,42940000000,11807000000.0,-196000000.0,8851000000.0,12856000000.0,55796000000,2018Q2,0.31407960973584514,0.3965436711816908,3.3400746733042936,0.6659925326695706,0.18699439950217797,DAL,2018-06-30,231789,USD,2018,Q2,2018-07-12,2018-07-12,695000000.0,697000000.0,11775000000.0,-8157000000.0,3618000000.0,-1938000000.0,-511000000.0,,-590000000.0,1680000000.0,-70000000.0,-89000000.0,1610000000,-238000000.0,1372000000,-347000000.0,1025000000,,1025000000,1025000000,2018Q2,0.3072611464968153,0.0870488322717622,0.14267515923566879,1.474820143884892,1.474820143884892
75,DAL,2018-09-30,231789,USD,2018,Q3,2018-10-11,2018-10-11,686000000.0,688000000.0,1858000000.0,2517000000.0,1170000000.0,6726000000.0,28565000000.0,,19712000000.0,48277000000.0,55003000000,7446000000.0,2242000000.0,18158000000.0,8115000000.0,23141000000.0,41299000000,11740000000.0,-197000000.0,9696000000.0,13704000000.0,55003000000,2018Q3,0.30598083489371075,0.3704152439696002,3.0136456509048455,0.5921628721541156,0.16360186806771745,DAL,2018-09-30,231789,USD,2018,Q3,2018-10-11,2018-10-11,686000000.0,688000000.0,11953000000.0,-8346000000.0,3607000000.0,-1965000000.0,-535000000.0,,-580000000.0,1642000000.0,-18000000.0,-84000000.0,1624000000,50000000.0,1674000000,-362000000.0,1312000000,,1312000000,1312000000,2018Q3,0.3017652472182716,0.10976323935413704,0.13737137120388188,1.912536443148688,1.912536443148688
76,DAL,2018-12-31,231789,USD,2018,Q4,2019-02-15,2019-02-15,679000000.0,685000000.0,1768000000.0,2314000000.0,1055000000.0,6340000000.0,28335000000.0,,25591000000.0,53926000000.0,60266000000,7380000000.0,3548000000.0,18578000000.0,8253000000.0,28001000000.0,46579000000,11671000000.0,-198000000.0,10039000000.0,13687000000.0,60266000000,2018Q4,0.2844762622456669,0.3412638604801378,3.4031562796814496,0.6029809308102579,0.259224081244977,DAL,2018-12-31,231789,USD,2018,Q4,2019-02-15,2019-02-15,679000000.0,685000000.0,10742000000.0,-7879000000.0,2863000000.0,-1761000000.0,1473000000.0,,-549000000.0,1102000000.0,137000000.0,-36000000.0,1239000000,148000000.0,1387000000,-336000000.0,1051000000,,1051000000,1051000000,2018Q4,0.26652392478123255,0.09784025321169242,0.10258797244460995,1.5478645066273933,1.5478645066273933
77,DAL,2019-03-31,231789,USD,2019,Q1,2019-04-10,2019-04-10,665000000.0,667000000.0,1910000000.0,3154000000.0,1071000000.0,7196000000.0,29139000000.0,,25506000000.0,54645000000.0,61841000000,6648000000.0,5062000000.0,21323000000.0,13515000000.0,27607000000.0,48930000000,11254000000.0,-233000000.0,9656000000.0,12911000000.0,61841000000,2019Q1,0.2872485109975144,0.33747596492050835,3.7897916505305553,1.0467818139570908,0.39206877856091704,DAL,2019-03-31,231789,USD,2019,Q1,2019-04-10,2019-04-10,665000000.0,667000000.0,10472000000.0,-7761000000.0,2711000000.0,-1691000000.0,-427000000.0,,-615000000.0,1020000000.0,-174000000.0,-83000000.0,846000000,100000000.0,946000000,-216000000.0,730000000,,730000000,730000000,2019Q1,0.25888082505729565,0.06970970206264324,0.09740259740259741,1.0977443609022557,1.0977443609022557
78,DAL,2019-06-30,231789,USD,2019,Q2,2019-07-11,2019-07-11,650000000.0,652000000.0,2009000000.0,2844000000.0,1083000000.0,7134000000.0,30165000000.0,,25219000000.0,55384000000.0,62518000000,7311000000.0,4189000000.0,21164000000.0,13249000000.0,27396000000.0,48560000000,11201000000.0,-235000000.0,10686000000.0,13958000000.0,62518000000,2019Q2,0.2859100359100359,0.3370818370818371,3.479008453933228,0.9492047571285285,0.300114629603095,DAL,2019-06-30,231789,USD,2019,Q2,2019-07-11,2019-07-11,650000000.0,652000000.0,12536000000.0,-8226000000.0,4310000000.0,-2182000000.0,-538000000.0,,-713000000.0,2128000000.0,-139000000.0,-75000000.0,1989000000,-82000000.0,1907000000,-464000000.0,1443000000,,1443000000,1443000000,2019Q2,0.34380982769623486,0.11510848755583919,0.16975111678366306,2.22,2.22
79,DAL,2019-09-30,231789,USD,2019,Q3,2019-10-10,2019-10-10,646000000.0,648000000.0,1899000000.0,2836000000.0,1072000000.0,6944000000.0,30796000000.0,,25479000000.0,56275000000.0,63219000000,7770000000.0,3479000000.0,20212000000.0,13364000000.0,27940000000.0,48152000000,11177000000.0,-236000000.0,11772000000.0,15068000000.0,63220000000,2019Q3,0.29052048288145654,0.34355828220858897,3.195646402973188,0.8869126625962305,0.2308866471993629,DAL,2019-09-30,231789,USD,2019,Q3,2019-10-10,2019-10-10,646000000.0,648000000.0,12560000000.0,-8326000000.0,4234000000.0,-2163000000.0,-539000000.0,,-631000000.0,2071000000.0,-89000000.0,-70000000.0,1982000000,-35000000.0,1947000000,-452000000.0,1495000000,,1495000000,1495000000,2019Q3,0.3371019108280255,0.11902866242038217,0.16488853503184714,2.3142414860681115,2.3142414860681115
80,DAL,2019-12-31,231789,USD,2019,Q4,2020-02-13,2021-02-12,643000000.0,645000000.0,2882000000.0,2854000000.0,1251000000.0,8249000000.0,31310000000.0,2568000000.0,22405000000.0,56283000000.0,64532000000,8045000000.0,3824000000.0,20204000000.0,14167000000.0,28970000000.0,49174000000,11129000000.0,-236000000.0,12454000000.0,15358000000.0,64532000000,2019Q4,0.3463670560285092,0.40828548802217385,3.201849199114468,0.9224508399531189,0.24899075400442766,DAL,2019-12-31,231789,USD,2019,Q4,2020-02-13,2020-02-13,643000000.0,645000000.0,11439000000.0,-8088000000.0,3351000000.0,-1952000000.0,1504000000.0,,-622000000.0,1399000000.0,-75000000.0,-73000000.0,1324000000,74000000.0,1398000000,-299000000.0,1099000000,,1099000000,1099000000,2019Q4,0.2929451875163913,0.0960748317160591,0.12230090042835912,1.709175738724728,1.709175738724728
81,DAL,2020-03-31,231789,USD,2020,Q1,2020-04-22,2020-04-22,637000000.0,637000000.0,5967000000.0,2280000000.0,974000000.0,10275000000.0,31644000000.0,3684000000.0,23135000000.0,58463000000.0,68738000000,6490000000.0,6205000000.0,19392000000.0,17866000000.0,35037000000.0,54429000000,11054000000.0,-270000000.0,11423000000.0,14309000000.0,68738000000,2020Q1,0.47963077557755773,0.5298576732673267,3.803829757495283,1.2485848067649732,0.4336431616465162,DAL,2020-03-31,231789,USD,2020,Q1,2020-04-22,2021-04-15,637000000.0,637000000.0,8592000000.0,-7393000000.0,1199000000.0,-1609000000.0,,,-678000000.0,-410000000.0,175000000.0,-79000000.0,-235000000,-372000000.0,-607000000,73000000.0,-534000000,,-534000000,-534000000,2020Q1,0.13954841713221602,-0.06215083798882681,-0.04771880819366853,-0.8383045525902669,-0.8383045525902669
82,UAL,2010-06-30,219075,USD,2010,Q2,2010-07-20,2010-07-20,168000000.0,235000000.0,4906000000.0,971000000.0,280000000.0,6983000000.0,9603000000.0,828000000.0,2720000000.0,13151000000.0,20134000000,1743000000.0,1879000000.0,8573000000.0,7295000000.0,14317000000.0,22890000000,3148000000.0,-30000000.0,-5765000000.0,-2756000000.0,20134000000,2010Q2,0.7818733232240755,0.814534002099615,-8.305515239477504,-2.6469521044992743,-0.6817851959361393,UAL,2010-06-30,219075,USD,2010,Q2,2010-07-20,2011-07-26,168000000.0,235000000.0,5161000000.0,-3304000000.0,1857000000.0,-1310000000.0,-198000000.0,,-223000000.0,547000000.0,-170000000.0,-176000000.0,377000000,-106000000.0,271000000,2000000.0,273000000,,273000000,273000000,2010Q2,0.35981398953691146,0.05289672544080604,0.10598721178066266,1.625,1.625
83,UAL,2010-09-30,219075,USD,2010,Q3,2010-10-21,2010-10-21,168000000.0,235000000.0,4938000000.0,1044000000.0,286000000.0,7070000000.0,9490000000.0,802000000.0,2693000000.0,12985000000.0,20055000000,1807000000.0,1910000000.0,8256000000.0,6931000000.0,14005000000.0,22261000000,3154000000.0,-31000000.0,-5377000000.0,-2206000000.0,20055000000,2010Q3,0.8217054263565892,0.8563468992248062,-10.091115140525838,-3.141885766092475,-0.8658204895738894,UAL,2010-09-30,219075,USD,2010,Q3,2010-10-21,2011-10-27,168000000.0,235000000.0,5417000000.0,-3430000000.0,1987000000.0,-1383000000.0,-204000000.0,,-232000000.0,604000000.0,-154000000.0,-172000000.0,450000000,-63000000.0,387000000,,387000000,,387000000,387000000,2010Q3,0.36680819641868195,0.07144175743031198,0.11150083071810965,2.3035714285714284,2.3035714285714284
84,UAL,2010-12-31,219075,USD,2010,Q4,2011-01-26,2012-02-22,408000000.0,511000000.0,8680000000.0,1613000000.0,466000000.0,12045000000.0,16945000000.0,818000000.0,9790000000.0,27553000000.0,39598000000,3275000000.0,2663000000.0,12645000000.0,12470000000.0,25226000000.0,37871000000,7074000000.0,-31000000.0,-5703000000.0,1727000000.0,39598000000,2010Q4,0.915697904310004,0.9525504151838672,21.928778228141287,7.220613781123335,1.5419803126809497,UAL,2010-12-31,219075,USD,2010,Q4,2011-01-26,2013-02-25,408000000.0,511000000.0,8506000000.0,-5651000000.0,2855000000.0,-2455000000.0,-338000000.0,,-403000000.0,400000000.0,-241000000.0,-251000000.0,159000000,-482000000.0,-323000000,-1000000.0,-325000000,,-325000000,-325000000,2010Q4,0.3356454267575829,-0.0382083235363273,0.04702562896778745,-0.7965686274509803,-0.7965686274509803
85,UAL,2011-03-31,219075,USD,2011,Q1,2011-04-21,2011-04-21,328000000.0,366000000.0,8887000000.0,2357000000.0,619000000.0,13148000000.0,16832000000.0,731000000.0,9841000000.0,27404000000.0,40552000000,3105000000.0,2467000000.0,13874000000.0,12117000000.0,24766000000.0,38640000000,7103000000.0,-31000000.0,-5916000000.0,1912000000.0,40552000000,2011Q1,0.9030560761135937,0.9476719042813897,20.209205020920503,6.33734309623431,1.2902719665271967,UAL,2011-03-31,219075,USD,2011,Q1,2011-04-21,2012-04-27,328000000.0,366000000.0,8202000000.0,-5777000000.0,2425000000.0,-2314000000.0,-350000000.0,,-388000000.0,111000000.0,-245000000.0,-250000000.0,-134000000,-77000000.0,-211000000,-2000000.0,-213000000,,-213000000,-213000000,2011Q1,0.29565959522067786,-0.02596927578639356,0.013533284564740308,-0.649390243902439,-0.649390243902439
86,UAL,2011-06-30,219075,USD,2011,Q2,2011-07-26,2011-07-26,330000000.0,400000000.0,8579000000.0,1863000000.0,508000000.0,12391000000.0,16690000000.0,816000000.0,9797000000.0,27303000000.0,39694000000,3228000000.0,1527000000.0,12762000000.0,12071000000.0,24990000000.0,37752000000,7109000000.0,-31000000.0,-5378000000.0,1942000000.0,39694000000,2011Q2,0.9311236483309826,0.9709293214229745,19.439752832131823,6.215756951596292,0.786302780638517,UAL,2011-06-30,219075,USD,2011,Q2,2011-07-26,2012-07-26,330000000.0,400000000.0,9809000000.0,-6512000000.0,3297000000.0,-2343000000.0,-375000000.0,,-385000000.0,954000000.0,-266000000.0,-245000000.0,688000000,-146000000.0,542000000,-4000000.0,538000000,,538000000,538000000,2011Q2,0.33611988989703334,0.054847588948924456,0.09725762055255378,1.6303030303030304,1.6303030303030304
87,UAL,2011-09-30,219075,USD,2011,Q3,2011-10-27,2011-10-27,330000000.0,392000000.0,8357000000.0,1713000000.0,628000000.0,11986000000.0,16549000000.0,795000000.0,9724000000.0,27068000000.0,39054000000,3212000000.0,1339000000.0,11898000000.0,11818000000.0,24844000000.0,36742000000,7113000000.0,-31000000.0,-4725000000.0,2312000000.0,39054000000,2011Q3,0.9546142208774584,1.007396201042192,15.891868512110726,5.11159169550173,0.5791522491349481,UAL,2011-09-30,219075,USD,2011,Q3,2011-10-27,2012-10-25,330000000.0,392000000.0,10171000000.0,-6741000000.0,3430000000.0,-2375000000.0,-377000000.0,,-384000000.0,1055000000.0,-275000000.0,-221000000.0,780000000,-120000000.0,660000000,-7000000.0,653000000,,653000000,653000000,2011Q3,0.3372333103922918,0.0642021433487366,0.10372628060171074,1.9787878787878788,1.9787878787878788
88,UAL,2011-12-31,219075,USD,2011,Q4,2012-02-22,2013-02-25,329000000.0,344000000.0,7762000000.0,1358000000.0,615000000.0,10997000000.0,16419000000.0,,10572000000.0,26991000000.0,37988000000,3507000000.0,1311000000.0,11394000000.0,11424000000.0,24788000000.0,36182000000,7117000000.0,-31000000.0,-4863000000.0,1806000000.0,37988000000,2011Q4,0.9111813235035984,0.9651571002281902,20.034330011074196,6.325581395348837,0.7259136212624585,UAL,2011-12-31,219075,USD,2011,Q4,2012-02-22,2014-02-20,329000000.0,344000000.0,8928000000.0,-6337000000.0,2591000000.0,-2297000000.0,-333000000.0,,-390000000.0,294000000.0,-191000000.0,-213000000.0,103000000,-249000000.0,-146000000,8000000.0,-138000000,,-138000000,-138000000,2011Q4,0.2902105734767025,-0.015456989247311828,0.03293010752688172,-0.4194528875379939,-0.4194528875379939
89,UAL,2012-03-31,219075,USD,2012,Q1,2012-04-27,2012-04-27,330000000.0,330000000.0,7273000000.0,1908000000.0,645000000.0,11261000000.0,16444000000.0,730000000.0,9764000000.0,26938000000.0,38199000000,3359000000.0,1140000000.0,12486000000.0,11296000000.0,24203000000.0,36689000000,7133000000.0,-32000000.0,-5311000000.0,1510000000.0,38199000000,2012Q1,0.8502322601313471,0.9018901169309627,24.297350993377485,7.480794701986755,0.7549668874172185,UAL,2012-03-31,219075,USD,2012,Q1,2012-04-27,2013-04-25,330000000.0,330000000.0,8602000000.0,-6462000000.0,2140000000.0,-2247000000.0,-337000000.0,,-380000000.0,-107000000.0,-176000000.0,-211000000.0,-283000000,-164000000.0,-447000000,-1000000.0,-448000000,,-448000000,-448000000,2012Q1,0.24877935363868867,-0.05208091141594978,-0.012438967681934435,-1.3575757575757577,-1.3575757575757577
90,UAL,2012-06-30,219075,USD,2012,Q2,2012-07-26,2012-07-26,331000000.0,393000000.0,7704000000.0,1818000000.0,611000000.0,11708000000.0,16577000000.0,,10409000000.0,26986000000.0,38694000000,3395000000.0,1468000000.0,13312000000.0,10979000000.0,23747000000.0,37059000000,7138000000.0,-32000000.0,-4972000000.0,1635000000.0,38694000000,2012Q2,0.8336087740384616,0.8795072115384616,22.66605504587156,6.714984709480122,0.8978593272171254,UAL,2012-06-30,219075,USD,2012,Q2,2012-07-26,2013-07-25,331000000.0,393000000.0,9939000000.0,-6829000000.0,3110000000.0,-2329000000.0,-345000000.0,,-378000000.0,781000000.0,-235000000.0,-206000000.0,546000000,-206000000.0,340000000,-1000000.0,339000000,,339000000,339000000,2012Q2,0.3129087433343395,0.034108059160881374,0.0785793339370158,1.0241691842900302,1.0241691842900302
91,UAL,2012-09-30,219075,USD,2012,Q3,2012-10-25,2012-10-25,331000000.0,332000000.0,6680000000.0,1862000000.0,675000000.0,10774000000.0,16810000000.0,,10321000000.0,27131000000.0,37905000000,3516000000.0,1824000000.0,13057000000.0,10420000000.0,23021000000.0,36078000000,7143000000.0,-32000000.0,-4965000000.0,1827000000.0,37905000000,2012Q3,0.7734548518036303,0.8251512598606112,19.74712643678161,5.703338806787083,0.9983579638752053,UAL,2012-09-30,219075,USD,2012,Q3,2012-10-25,2013-10-24,331000000.0,332000000.0,9909000000.0,-6821000000.0,3088000000.0,-2374000000.0,-356000000.0,,-379000000.0,714000000.0,-185000000.0,-198000000.0,529000000,-514000000.0,15000000,-9000000.0,6000000,,6000000,6000000,2012Q3,0.3116358865677667,0.0006055101422948834,0.07205570693309113,0.01812688821752266,0.01812688821752266
92,UAL,2012-12-31,219075,USD,2012,Q4,2013-02-25,2014-02-20,332000000.0,269000000.0,6543000000.0,1338000000.0,695000000.0,10049000000.0,17292000000.0,,10287000000.0,27579000000.0,37628000000,4075000000.0,1934000000.0,12818000000.0,11232000000.0,24329000000.0,37147000000,7148000000.0,-35000000.0,-5586000000.0,481000000.0,37628000000,2012Q4,0.7297550319862693,0.783975659229209,77.22869022869023,23.35135135135135,4.020790020790021,UAL,2012-12-31,219075,USD,2012,Q4,2013-02-25,2015-02-20,332000000.0,269000000.0,8702000000.0,-6363000000.0,2339000000.0,-2365000000.0,-314000000.0,,-385000000.0,-26000000.0,-167000000.0,-197000000.0,-193000000,-439000000.0,-632000000,12000000.0,-620000000,,-620000000,-620000000,2012Q4,0.2687887841875431,-0.07124798896805332,-0.0029878188922086877,-1.8674698795180722,-1.8674698795180722
93,UAL,2013-03-31,219075,USD,2013,Q1,2013-04-25,2013-04-25,332000000.0,332000000.0,5390000000.0,1679000000.0,690000000.0,9148000000.0,17437000000.0,,10257000000.0,27694000000.0,36842000000,3748000000.0,1200000000.0,12892000000.0,10947000000.0,23856000000.0,36748000000,7162000000.0,-38000000.0,-6003000000.0,94000000.0,36842000000,2013Q1,0.6560657772261868,0.7095873409866584,390.93617021276594,116.45744680851064,12.76595744680851,UAL,2013-03-31,219075,USD,2013,Q1,2013-04-25,2014-04-24,332000000.0,332000000.0,8721000000.0,-6502000000.0,2219000000.0,-2391000000.0,-328000000.0,,-408000000.0,-172000000.0,-162000000.0,-196000000.0,-334000000,-92000000.0,-426000000,9000000.0,-417000000,,-417000000,-417000000,2013Q1,0.254443297786951,-0.0478156174750602,-0.019722508886595574,-1.2560240963855422,-1.2560240963855422
94,UAL,2013-06-30,219075,USD,2013,Q2,2013-07-25,2013-07-25,341000000.0,394000000.0,5964000000.0,1732000000.0,555000000.0,9621000000.0,17584000000.0,,10263000000.0,27847000000.0,37468000000,3778000000.0,1028000000.0,12927000000.0,10938000000.0,23324000000.0,36251000000,7358000000.0,-38000000.0,-5534000000.0,1217000000.0,37468000000,2013Q2,0.7013228127175679,0.7442562079368763,29.787181594083812,8.987674609695974,0.8447000821692687,UAL,2013-06-30,219075,USD,2013,Q2,2013-07-25,2014-07-24,341000000.0,394000000.0,10001000000.0,-6613000000.0,3388000000.0,-2566000000.0,-347000000.0,,-425000000.0,822000000.0,-299000000.0,-188000000.0,523000000,-52000000.0,471000000,-2000000.0,469000000,,469000000,469000000,2013Q2,0.3387661233876612,0.04689531046895311,0.0821917808219178,1.3753665689149561,1.3753665689149561
95,UAL,2013-09-30,219075,USD,2013,Q3,2013-10-24,2013-10-24,357000000.0,395000000.0,5736000000.0,1693000000.0,646000000.0,9389000000.0,17766000000.0,,10105000000.0,27871000000.0,37260000000,3970000000.0,1074000000.0,12604000000.0,10985000000.0,22928000000.0,35532000000,7414000000.0,-38000000.0,-5155000000.0,1728000000.0,37260000000,2013Q3,0.6936686766105998,0.7449222469057442,20.5625,6.357060185185185,0.6215277777777778,UAL,2013-09-30,219075,USD,2013,Q3,2013-10-24,2014-10-23,357000000.0,395000000.0,10228000000.0,-6863000000.0,3365000000.0,-2646000000.0,-377000000.0,,-435000000.0,719000000.0,-126000000.0,-190000000.0,593000000,-211000000.0,382000000,-3000000.0,379000000,,379000000,379000000,2013Q3,0.3289988267500978,0.03705514274540477,0.07029722330856472,1.061624649859944,1.061624649859944
96,UAL,2013-12-31,219075,USD,2013,Q4,2014-02-20,2015-02-20,362000000.0,443000000.0,5121000000.0,1503000000.0,667000000.0,8702000000.0,18047000000.0,,10063000000.0,28110000000.0,36812000000,3783000000.0,1485000000.0,12107000000.0,10924000000.0,21721000000.0,33828000000,7429000000.0,-38000000.0,-5015000000.0,2984000000.0,36812000000,2013Q4,0.6636656479722475,0.7187577434542001,11.336461126005362,3.660857908847185,0.4976541554959786,UAL,2013-12-31,219075,USD,2013,Q4,2014-02-20,2016-02-18,362000000.0,443000000.0,9329000000.0,-6437000000.0,2892000000.0,-2492000000.0,-338000000.0,,-421000000.0,400000000.0,-123000000.0,-188000000.0,277000000,-165000000.0,112000000,28000000.0,140000000,,140000000,140000000,2013Q4,0.3100010719262515,0.01500696752063458,0.042877050058955944,0.3867403314917127,0.3867403314917127
97,UAL,2014-03-31,219075,USD,2014,Q1,2014-04-24,2014-04-24,368000000.0,368000000.0,5024000000.0,1609000000.0,641000000.0,8788000000.0,18384000000.0,,10013000000.0,28397000000.0,37185000000,3695000000.0,1290000000.0,13091000000.0,10834000000.0,21515000000.0,34606000000,7670000000.0,-47000000.0,-5624000000.0,2579000000.0,37185000000,2014Q1,0.6223359560003056,0.6713008937437934,13.418379216750678,4.200853043815433,0.5001938735944165,UAL,2014-03-31,219075,USD,2014,Q1,2014-04-24,2015-04-23,368000000.0,368000000.0,8696000000.0,-6425000000.0,2271000000.0,-2568000000.0,-318000000.0,,-409000000.0,-297000000.0,-257000000.0,-182000000.0,-554000000,-52000000.0,-606000000,-3000000.0,-609000000,,-609000000,-609000000,2014Q1,0.2611545538178473,-0.07003219871205152,-0.034153633854645815,-1.6548913043478262,-1.6548913043478262
98,UAL,2014-06-30,219075,USD,2014,Q2,2014-07-24,2014-07-24,373000000.0,396000000.0,5796000000.0,1665000000.0,685000000.0,9619000000.0,18857000000.0,,9971000000.0,28828000000.0,38447000000,3901000000.0,1266000000.0,13334000000.0,11054000000.0,21766000000.0,35100000000,7640000000.0,-47000000.0,-4835000000.0,3347000000.0,38447000000,2014Q2,0.6700164991750412,0.7213889305534723,10.487003286525246,3.3026590976994323,0.3782491783686884,UAL,2014-06-30,219075,USD,2014,Q2,2014-07-24,2015-07-23,373000000.0,396000000.0,10329000000.0,-6668000000.0,3661000000.0,-2586000000.0,-346000000.0,,-417000000.0,1075000000.0,-115000000.0,-182000000.0,960000000,-169000000.0,791000000,-2000000.0,789000000,,789000000,789000000,2014Q2,0.35443895827282407,0.07638687191402846,0.10407590279794753,2.1152815013404824,2.1152815013404824
99,UAL,2014-09-30,219075,USD,2014,Q3,2014-10-23,2014-10-23,370000000.0,393000000.0,5514000000.0,1559000000.0,700000000.0,9225000000.0,18943000000.0,,9843000000.0,28786000000.0,38011000000,3736000000.0,1439000000.0,12864000000.0,10655000000.0,21283000000.0,34147000000,7624000000.0,-237000000.0,-3911000000.0,3864000000.0,38011000000,2014Q3,0.6627021144278606,0.7171175373134329,8.837215320910973,2.757505175983437,0.3724120082815735,UAL,2014-09-30,219075,USD,2014,Q3,2014-10-23,2015-10-22,370000000.0,393000000.0,10563000000.0,-6857000000.0,3706000000.0,-2472000000.0,-375000000.0,,-422000000.0,1234000000.0,-271000000.0,-178000000.0,963000000,-43000000.0,920000000,4000000.0,924000000,,924000000,924000000,2014Q3,0.35084729716936475,0.0874751491053678,0.11682287229006912,2.497297297297297,2.497297297297297
100,UAL,2014-12-31,219075,USD,2014,Q4,2015-02-20,2016-02-18,373400000.0,401800000.0,4384000000.0,1146000000.0,666000000.0,7547000000.0,19467000000.0,,9581000000.0,29048000000.0,36595000000,3700000000.0,1423000000.0,12508000000.0,10524000000.0,21691000000.0,34199000000,7725000000.0,-367000000.0,-3883000000.0,2396000000.0,36595000000,2014Q4,0.5501279181323953,0.6033738407419251,14.273372287145243,4.392320534223706,0.593906510851419,UAL,2014-12-31,219075,USD,2014,Q4,2015-02-20,2017-02-23,373400000.0,401800000.0,9313000000.0,-6161000000.0,3152000000.0,-2348000000.0,-334000000.0,,-431000000.0,804000000.0,-602000000.0,-171000000.0,202000000,-179000000.0,23000000,5000000.0,28000000,,28000000,28000000,2014Q4,0.3384516267582949,0.003006549983893482,0.08633093525179857,0.07498660953401179,0.07498660953401179
101,UAL,2015-03-31,219075,USD,2015,Q1,2015-04-23,2015-04-23,382000000.0,384000000.0,5608000000.0,1471000000.0,631000000.0,9509000000.0,19862000000.0,,9720000000.0,29582000000.0,39091000000,3671000000.0,1812000000.0,13969000000.0,10474000000.0,22114000000.0,36083000000,7936000000.0,-576000000.0,-3375000000.0,3008000000.0,39091000000,2015Q1,0.6355501467535256,0.6807215978237526,11.995678191489361,3.4820478723404253,0.6023936170212766,UAL,2015-03-31,219075,USD,2015,Q1,2015-04-23,2016-04-21,382000000.0,384000000.0,8608000000.0,-5479000000.0,3129000000.0,-2324000000.0,-312000000.0,,-429000000.0,805000000.0,-230000000.0,-168000000.0,575000000,-64000000.0,511000000,-3000000.0,508000000,,508000000,508000000,2015Q1,0.36349907063197023,0.05901486988847584,0.09351765799256506,1.3298429319371727,1.3298429319371727
102,UAL,2015-06-30,219075,USD,2015,Q2,2015-07-23,2015-07-23,380000000.0,380000000.0,4985000000.0,1471000000.0,656000000.0,8793000000.0,20701000000.0,,9873000000.0,30574000000.0,39367000000,4168000000.0,1158000000.0,13810000000.0,10501000000.0,21435000000.0,35245000000,7942000000.0,-826000000.0,-2182000000.0,4122000000.0,39367000000,2015Q2,0.589210716871832,0.6367125271542361,8.550460941290636,2.547549733139253,0.28093158660844253,UAL,2015-06-30,219075,USD,2015,Q2,2015-07-23,2016-07-19,380000000.0,380000000.0,9914000000.0,-5890000000.0,4024000000.0,-2524000000.0,-348000000.0,,-445000000.0,1500000000.0,-248000000.0,-161000000.0,1252000000,-55000000.0,1197000000,-4000000.0,1193000000,,1193000000,1193000000,2015Q2,0.40589065967318944,0.12033487996772241,0.15130119023602986,3.139473684210526,3.139473684210526
103,UAL,2015-09-30,219075,USD,2015,Q3,2015-10-22,2015-10-22,375000000.0,376000000.0,5599000000.0,1513000000.0,704000000.0,10097000000.0,21176000000.0,,10596000000.0,31772000000.0,41869000000,4269000000.0,1449000000.0,13488000000.0,10672000000.0,19826000000.0,33314000000,7945000000.0,-1090000000.0,2634000000.0,8555000000.0,41869000000,2015Q3,0.6963967971530249,0.748591340450771,3.8940970192869666,1.2474576271186442,0.16937463471654005,UAL,2015-09-30,219075,USD,2015,Q3,2015-10-22,2016-10-17,375000000.0,376000000.0,10306000000.0,-5776000000.0,4530000000.0,-2555000000.0,-366000000.0,,-469000000.0,1975000000.0,-293000000.0,-159000000.0,1682000000,-76000000.0,1606000000,3210000000.0,4816000000,,4816000000,4816000000,2015Q3,0.4395497768290316,0.46730060159130604,0.19163594022899283,12.842666666666666,12.842666666666666
104,UAL,2015-12-31,219075,USD,2015,Q4,2016-02-18,2017-02-23,367400000.0,367600000.0,5196000000.0,1128000000.0,738000000.0,7828000000.0,21580000000.0,,11453000000.0,33033000000.0,40861000000,4219000000.0,1359000000.0,12414000000.0,10400000000.0,19481000000.0,31895000000,7950000000.0,-1610000000.0,3457000000.0,8966000000.0,40861000000,2015Q4,0.5711293700660545,0.6305783792492348,3.5573276823555653,1.159937541824671,0.15157260762882,UAL,2015-12-31,219075,USD,2015,Q4,2016-02-18,2018-02-22,367400000.0,367600000.0,9036000000.0,-5337000000.0,3699000000.0,-2487000000.0,-316000000.0,,-476000000.0,1212000000.0,-176000000.0,-156000000.0,1036000000,-131000000.0,905000000,-82000000.0,823000000,,823000000,823000000,2015Q4,0.40936254980079684,0.09108012394864984,0.1341301460823373,2.2400653238976593,2.2400653238976593
105,UAL,2016-03-31,219075,USD,2016,Q1,2016-04-21,2016-04-21,354300000.0,354600000.0,3972000000.0,1581000000.0,759000000.0,7224000000.0,22006000000.0,,11143000000.0,33149000000.0,40373000000,3887000000.0,1409000000.0,13380000000.0,10197000000.0,19153000000.0,32533000000,7960000000.0,-3113000000.0,3770000000.0,7840000000.0,40373000000,2016Q1,0.48318385650224216,0.5399103139013453,4.149617346938776,1.3006377551020407,0.17971938775510204,UAL,2016-03-31,219075,USD,2016,Q1,2016-04-21,2017-04-18,354300000.0,354600000.0,8195000000.0,-4933000000.0,3262000000.0,-2423000000.0,-303000000.0,,-479000000.0,839000000.0,-155000000.0,-151000000.0,684000000,-190000000.0,494000000,-181000000.0,313000000,,313000000,313000000,2016Q1,0.3980475899938987,0.038194020744356315,0.10237949969493594,0.8834321196725938,0.8834321196725938
106,UAL,2016-06-30,219075,USD,2016,Q2,2016-07-19,2016-07-19,330500000.0,330800000.0,4685000000.0,1450000000.0,798000000.0,7844000000.0,22388000000.0,,10244000000.0,32632000000.0,40476000000,4209000000.0,1400000000.0,13982000000.0,10015000000.0,18710000000.0,32692000000,7969000000.0,-3809000000.0,4358000000.0,7784000000.0,40476000000,2016Q2,0.5039336289515091,0.5610070090115863,4.199897225077081,1.2866135662898253,0.17985611510791366,UAL,2016-06-30,219075,USD,2016,Q2,2016-07-19,2017-07-19,330500000.0,330800000.0,9396000000.0,-5296000000.0,4100000000.0,-2606000000.0,-339000000.0,,-491000000.0,1494000000.0,-129000000.0,-148000000.0,1365000000,-434000000.0,931000000,-343000000.0,588000000,,588000000,588000000,2016Q2,0.43635589612601106,0.06257982120051085,0.15900383141762453,1.779122541603631,1.779122541603631
107,UAL,2016-09-30,219075,USD,2016,Q3,2016-10-17,2016-10-17,320000000.0,320400000.0,4856000000.0,1481000000.0,842000000.0,7970000000.0,22645000000.0,,9712000000.0,32357000000.0,40327000000,4420000000.0,1093000000.0,13253000000.0,10364000000.0,18635000000.0,31888000000,7978000000.0,-4064000000.0,5323000000.0,8439000000.0,40327000000,2016Q3,0.5378404889458991,0.6013732739757036,3.7786467590946793,1.2281075956866927,0.12951771536911957,UAL,2016-09-30,219075,USD,2016,Q3,2016-10-17,2017-10-19,320000000.0,320400000.0,9913000000.0,-5514000000.0,4399000000.0,-2730000000.0,-345000000.0,,-503000000.0,1669000000.0,-114000000.0,-136000000.0,1555000000,-45000000.0,1510000000,-545000000.0,965000000,,965000000,965000000,2016Q3,0.44376071824876423,0.09734691818823767,0.16836477352970847,3.015625,3.015625
108,UAL,2016-12-31,219075,USD,2016,Q4,2017-02-23,2018-02-22,314800000.0,315400000.0,4428000000.0,1176000000.0,873000000.0,7309000000.0,23318000000.0,579000000.0,8934000000.0,32831000000.0,40140000000,4446000000.0,965000000.0,12286000000.0,10740000000.0,19195000000.0,31481000000,6572000000.0,-511000000.0,3427000000.0,8659000000.0,40140000000,2016Q4,0.5238482825980791,0.5949047696565196,3.635639219309389,1.2403279824460098,0.1114447395773184,UAL,2016-12-31,219075,USD,2016,Q4,2017-02-23,2019-02-28,314800000.0,315400000.0,9054000000.0,-5288000000.0,3766000000.0,-2679000000.0,-408000000.0,,-504000000.0,1087000000.0,-173000000.0,-197000000.0,914000000,-76000000.0,838000000,-470000000.0,368000000,,368000000,368000000,2016Q4,0.41594875193284736,0.0406450187762315,0.12005743317870554,1.1689961880559085,1.1689961880559085
109,UAL,2017-03-31,219075,USD,2017,Q1,2017-04-18,2017-04-18,313700000.0,314600000.0,4379000000.0,1429000000.0,900000000.0,7724000000.0,24241000000.0,,9480000000.0,33721000000.0,41445000000,3704000000.0,829000000.0,12662000000.0,12014000000.0,20334000000.0,32996000000,6565000000.0,-816000000.0,3536000000.0,8449000000.0,41445000000,2017Q1,0.538935397251619,0.6100142157637024,3.905314238371405,1.421943425257427,0.09811812048763167,UAL,2017-03-31,219075,USD,2017,Q1,2017-04-18,2018-04-18,313700000.0,314600000.0,8426000000.0,-5455000000.0,2971000000.0,-2600000000.0,-319000000.0,,-518000000.0,371000000.0,-170000000.0,-151000000.0,201000000,-51000000.0,150000000,-51000000.0,99000000,,99000000,99000000,2017Q1,0.3525990980299074,0.01174934725848564,0.04403038215048659,0.31558814153649983,0.31558814153649983
110,UAL,2017-06-30,219075,USD,2017,Q2,2017-07-19,2017-07-19,306900000.0,307700000.0,4649000000.0,1499000000.0,882000000.0,8248000000.0,25017000000.0,,9042000000.0,34059000000.0,42307000000,4037000000.0,1551000000.0,13596000000.0,11612000000.0,19857000000.0,33453000000,6580000000.0,-1236000000.0,4354000000.0,8854000000.0,42307000000,2017Q2,0.5417769932333039,0.6066490144160047,3.778292297266772,1.3114976281906483,0.17517506211881637,UAL,2017-06-30,219075,USD,2017,Q2,2017-07-19,2018-07-18,306900000.0,307700000.0,10008000000.0,-5753000000.0,4255000000.0,-2774000000.0,-385000000.0,,-536000000.0,1481000000.0,-160000000.0,-154000000.0,1321000000,-44000000.0,1277000000,-456000000.0,821000000,,821000000,821000000,2017Q2,0.42515987210231815,0.0820343725019984,0.1479816147082334,2.6751384815900945,2.6751384815900945
111,UAL,2017-09-30,219075,USD,2017,Q3,2017-10-19,2017-10-19,299800000.0,300600000.0,4328000000.0,1603000000.0,937000000.0,7877000000.0,25629000000.0,882000000.0,8177000000.0,34688000000.0,42565000000,4214000000.0,1641000000.0,13087000000.0,12302000000.0,20508000000.0,33595000000,6594000000.0,-1791000000.0,4991000000.0,8970000000.0,42565000000,2017Q3,0.5302972415374035,0.6018950103155803,3.7452619843924193,1.3714604236343366,0.18294314381270904,UAL,2017-09-30,219075,USD,2017,Q3,2017-10-19,2018-10-17,299800000.0,300600000.0,9899000000.0,-5891000000.0,4008000000.0,-2820000000.0,-377000000.0,,-556000000.0,1188000000.0,-145000000.0,-152000000.0,1043000000,-50000000.0,993000000,-348000000.0,645000000,,645000000,645000000,2017Q3,0.40488938276593595,0.06515809677745227,0.12001212243660976,2.151434289526351,2.151434289526351
112,UAL,2017-12-31,219075,USD,2017,Q4,2018-02-22,2018-07-18,290400000.0,291500000.0,3798000000.0,1340000000.0,924000000.0,7133000000.0,26208000000.0,852000000.0,8153000000.0,35213000000.0,42346000000,4362000000.0,1693000000.0,12763000000.0,12699000000.0,20849000000.0,33612000000,6101000000.0,-769000000.0,4549000000.0,8734000000.0,42346000000,2017Q4,0.48648436887879026,0.5588811407976181,3.8484085184337076,1.453972979161896,0.19384016487291048,UAL,2017-12-31,219075,USD,2017,Q4,2018-02-22,2020-02-25,290400000.0,291500000.0,9451000000.0,-5954000000.0,3497000000.0,-2743000000.0,-354000000.0,,-486000000.0,754000000.0,-120000000.0,-112000000.0,634000000,-31000000.0,603000000,-25000000.0,578000000,,578000000,578000000,2017Q4,0.3700137551581843,0.06115754946566501,0.07977991746905089,1.9903581267217632,1.9903581267217632
113,UAL,2018-03-31,219075,USD,2018,Q1,2018-04-18,2018-04-18,283900000.0,284900000.0,4475000000.0,1760000000.0,924000000.0,8287000000.0,26739000000.0,853000000.0,8139000000.0,35731000000.0,44018000000,4036000000.0,1779000000.0,14183000000.0,13185000000.0,21499000000.0,35682000000,6080000000.0,-1314000000.0,4684000000.0,8336000000.0,44018000000,2018Q1,0.5191426355496016,0.5842910526686879,4.280470249520153,1.5816938579654511,0.21341170825335892,UAL,2018-03-31,219075,USD,2018,Q1,2018-04-18,2019-04-17,283900000.0,284900000.0,9032000000.0,-6027000000.0,3005000000.0,-2703000000.0,-342000000.0,,-524000000.0,302000000.0,-80000000.0,-145000000.0,222000000,-40000000.0,182000000,-37000000.0,145000000,,145000000,145000000,2018Q1,0.33270593445527014,0.016054030115146146,0.03343666961913198,0.510743219443466,0.510743219443466
114,UAL,2018-06-30,219075,USD,2018,Q2,2018-07-18,2018-07-18,274700000.0,275600000.0,5071000000.0,1840000000.0,942000000.0,8881000000.0,26946000000.0,848000000.0,8016000000.0,35810000000.0,44691000000,4485000000.0,1004000000.0,14092000000.0,13499000000.0,21960000000.0,36052000000,6094000000.0,-1720000000.0,5367000000.0,8639000000.0,44691000000,2018Q2,0.5633692875390293,0.6302157252341755,4.17316819076282,1.5625651117027435,0.11621715476328279,UAL,2018-06-30,219075,USD,2018,Q2,2018-07-18,2019-07-17,274700000.0,275600000.0,10777000000.0,-6705000000.0,4072000000.0,-2798000000.0,-393000000.0,,-538000000.0,1274000000.0,-290000000.0,-138000000.0,984000000,-129000000.0,855000000,-172000000.0,683000000,,683000000,683000000,2018Q2,0.3778416999164888,0.06337570752528533,0.11821471652593486,2.486348744084456,2.486348744084456
115,UAL,2018-09-30,219075,USD,2018,Q3,2018-10-17,2018-10-17,272400000.0,273600000.0,4935000000.0,1752000000.0,1011000000.0,8671000000.0,27308000000.0,848000000.0,8010000000.0,36166000000.0,44837000000,4585000000.0,1046000000.0,13684000000.0,13334000000.0,21684000000.0,35368000000,6108000000.0,-1753000000.0,6203000000.0,9469000000.0,44837000000,2018Q3,0.5597778427360421,0.6336597486115171,3.7351357059879606,1.4081740416094624,0.11046573027774845,UAL,2018-09-30,219075,USD,2018,Q3,2018-10-17,2019-10-16,272400000.0,273600000.0,11003000000.0,-6905000000.0,4098000000.0,-2894000000.0,-427000000.0,,-545000000.0,1204000000.0,-129000000.0,-144000000.0,1075000000,-17000000.0,1058000000,-225000000.0,833000000,,833000000,833000000,2018Q3,0.3724438789421067,0.07570662546578207,0.10942470235390347,3.0580029368575623,3.0580029368575623
116,UAL,2018-12-31,219075,USD,2018,Q4,2019-02-28,2019-02-28,271000000.0,272700000.0,3950000000.0,1346000000.0,985000000.0,7194000000.0,28329000000.0,966000000.0,8303000000.0,37598000000.0,44792000000,4547000000.0,1379000000.0,13212000000.0,13349000000.0,21585000000.0,34797000000,6123000000.0,-1993000000.0,6668000000.0,9995000000.0,44792000000,2018Q4,0.4699515591886164,0.5445049954586739,3.48144072036018,1.335567783891946,0.13796898449224612,UAL,2018-12-31,219075,USD,2018,Q4,2019-02-28,2021-03-01,271000000.0,272700000.0,10491000000.0,-6659000000.0,3832000000.0,-2896000000.0,-396000000.0,,-558000000.0,936000000.0,-77000000.0,-142000000.0,859000000,-306000000.0,553000000,-92000000.0,461000000,,461000000,461000000,2018Q4,0.36526546563721285,0.04394242684205509,0.08921933085501858,1.7011070110701108,1.7011070110701108
117,UAL,2019-03-31,219075,USD,2019,Q1,2019-04-17,2019-04-17,267000000.0,268300000.0,4067000000.0,1789000000.0,972000000.0,7608000000.0,28586000000.0,1098000000.0,13347000000.0,43031000000.0,50639000000,4367000000.0,1973000000.0,15697000000.0,18115000000.0,25140000000.0,40837000000,6083000000.0,-2487000000.0,6999000000.0,9802000000.0,50639000000,2019Q1,0.42275594062559724,0.48467860100656174,4.166190573352377,1.8480922260763109,0.2012854519485819,UAL,2019-03-31,219075,USD,2019,Q1,2019-04-17,2020-05-04,267000000.0,268300000.0,9589000000.0,-6253000000.0,3336000000.0,-2823000000.0,-360000000.0,,-547000000.0,513000000.0,-145000000.0,-159000000.0,368000000,-1000000.0,367000000,-75000000.0,292000000,,292000000,292000000,2019Q1,0.34789863385128794,0.030451559078110334,0.053498800709145894,1.0936329588014981,1.0936329588014981
118,UAL,2019-06-30,219075,USD,2019,Q2,2019-07-17,2019-07-17,260800000.0,261600000.0,5444000000.0,1762000000.0,996000000.0,8910000000.0,28918000000.0,1139000000.0,13183000000.0,43240000000.0,52150000000,4904000000.0,2009000000.0,16078000000.0,18174000000.0,25752000000.0,41830000000,6099000000.0,-3022000000.0,8050000000.0,10320000000.0,52150000000,2019Q2,0.49222540116929964,0.5541734046523199,4.053294573643411,1.761046511627907,0.19467054263565892,UAL,2019-06-30,219075,USD,2019,Q2,2019-07-17,2020-07-22,260800000.0,261600000.0,11402000000.0,-6890000000.0,4512000000.0,-2969000000.0,-442000000.0,,-560000000.0,1543000000.0,-152000000.0,-153000000.0,1391000000,-37000000.0,1354000000,-302000000.0,1052000000,,1052000000,1052000000,2019Q2,0.3957200491141905,0.09226451499736889,0.13532713559024734,4.033742331288344,4.033742331288344
119,UAL,2019-09-30,219075,USD,2019,Q3,2019-10-16,2019-10-16,255300000.0,256400000.0,5126000000.0,1617000000.0,1065000000.0,8533000000.0,29332000000.0,1131000000.0,13203000000.0,43666000000.0,52199000000,4952000000.0,2113000000.0,15691000000.0,18027000000.0,25207000000.0,40898000000,6114000000.0,-3384000000.0,9075000000.0,11301000000.0,52199000000,2019Q3,0.47594162258619593,0.5438149257536167,3.6189717724095214,1.5951685691531723,0.1869746040173436,UAL,2019-09-30,219075,USD,2019,Q3,2019-10-16,2020-10-15,255300000.0,256400000.0,11380000000.0,-6792000000.0,4588000000.0,-3088000000.0,-432000000.0,,-575000000.0,1500000000.0,-145000000.0,-155000000.0,1355000000,-6000000.0,1349000000,-325000000.0,1024000000,,1024000000,1024000000,2019Q3,0.4031634446397188,0.08998242530755712,0.13181019332161686,4.010967489228359,4.010967489228359
120,UAL,2019-12-31,219075,USD,2019,Q4,2020-02-25,2021-03-01,252100000.0,253300000.0,4944000000.0,1364000000.0,1072000000.0,8194000000.0,30170000000.0,,14247000000.0,44417000000.0,52611000000,4974000000.0,2139000000.0,14938000000.0,18311000000.0,26142000000.0,41080000000,6132000000.0,-3599000000.0,9716000000.0,11531000000.0,52611000000,2019Q4,0.476770652028384,0.5485339402865176,3.5625704622322436,1.587980227213598,0.1854999566386263,UAL,2019-12-31,219075,USD,2019,Q4,2020-02-25,2021-03-01,252100000.0,253300000.0,10888000000.0,-6769000000.0,4119000000.0,-3128000000.0,-417000000.0,,-606000000.0,991000000.0,-98000000.0,-131000000.0,893000000,-49000000.0,844000000,-203000000.0,641000000,,641000000,641000000,2019Q4,0.3783063923585599,0.05887215282880235,0.09101763409257899,2.5426418088060294,2.5426418088060294
121,UAL,2020-03-31,219075,USD,2020,Q1,2020-05-04,2020-05-04,248500000.0,248500000.0,5221000000.0,792000000.0,1070000000.0,7905000000.0,31811000000.0,763000000.0,12576000000.0,45150000000.0,53055000000,4083000000.0,4802000000.0,16087000000.0,18627000000.0,27550000000.0,43637000000,6099000000.0,-3901000000.0,7991000000.0,9418000000.0,53055000000,2020Q1,0.4248772300615404,0.49139056380928703,4.633361647908261,1.9778084519006158,0.509874708005946,UAL,2020-03-31,219075,USD,2020,Q1,2020-05-04,2021-04-22,248500000.0,248500000.0,7979000000.0,-6091000000.0,1888000000.0,-2797000000.0,-295000000.0,,-615000000.0,-909000000.0,-823000000.0,-145000000.0,-1732000000,-382000000.0,-2114000000,410000000.0,-1704000000,,-1704000000,-1704000000,2020Q1,0.23662113046747713,-0.21356059656598572,-0.11392405063291139,-6.857142857142857,-6.857142857142857
