time,close
2011-01-03,13.23
2011-01-04,13.3
2011-01-05,13.32
2011-01-06,13.16
2011-01-07,13.29
2011-01-10,13.29
2011-01-11,13.07
2011-01-12,13.17
2011-01-13,13.09
2011-01-14,13.23
2011-01-18,13.08
2011-01-19,12.84
2011-01-20,12.79
2011-01-21,12.57
2011-01-24,12.75
2011-01-25,12.5
2011-01-26,12.46
2011-01-27,12.5
2011-01-28,11.94
2011-01-31,11.85
2011-02-01,11.85
2011-02-02,11.57
2011-02-03,11.69
2011-02-04,11.72
2011-02-07,12.025
2011-02-08,12.19
2011-02-09,12.26
2011-02-10,12.29
2011-02-11,12.4
2011-02-14,12.2
2011-02-15,12.37
2011-02-16,12.37
2011-02-17,12.5
2011-02-18,12.56
2011-02-22,11.89
2011-02-23,11.71
2011-02-24,11.76
2011-02-25,11.79
2011-02-28,11.84
2011-03-01,11.71
2011-03-02,11.58
2011-03-03,11.78
2011-03-04,11.8079
2011-03-07,11.78
2011-03-08,12.65
2011-03-09,12.32
2011-03-10,12.51
2011-03-11,12.73
2011-03-14,12.41
2011-03-15,12.37
2011-03-16,12.03
2011-03-17,11.86
2011-03-18,12.19
2011-03-21,12.28
2011-03-22,12.33
2011-03-23,12.41
2011-03-24,12.53
2011-03-25,12.69
2011-03-28,12.59
2011-03-29,12.52
2011-03-30,12.81
2011-03-31,12.63
2011-04-01,12.66
2011-04-04,12.46
2011-04-05,12.2
2011-04-06,12.14
2011-04-07,11.81
2011-04-08,11.67
2011-04-11,11.79
2011-04-12,11.83
2011-04-13,11.75
2011-04-14,11.6
2011-04-15,11.64
2011-04-18,11.57
2011-04-19,11.57
2011-04-20,11.65
2011-04-21,11.31
2011-04-25,11.54
2011-04-26,11.69
2011-04-27,11.77
2011-04-28,11.81
2011-04-29,11.76
2011-05-02,11.61
2011-05-03,11.54
2011-05-04,11.64
2011-05-05,11.9
2011-05-06,12.11
2011-05-09,11.99
2011-05-10,12.11
2011-05-11,12.13
2011-05-12,12.15
2011-05-13,12.07
2011-05-16,12.14
2011-05-17,12.22
2011-05-18,12.28
2011-05-19,12.41
2011-05-20,12.28
2011-05-23,12.14
2011-05-24,11.98
2011-05-25,11.84
2011-05-26,11.8
2011-05-27,11.83
2011-05-31,11.83
2011-06-01,11.5899
2011-06-02,11.58
2011-06-03,11.56
2011-06-06,11.23
2011-06-07,11.35
2011-06-08,11.09
2011-06-09,11.05
2011-06-10,10.93
2011-06-13,10.93
2011-06-14,11.08
2011-06-15,10.78
2011-06-16,10.77
2011-06-17,10.93
2011-06-20,11.05
2011-06-21,11.16
2011-06-22,11.03
2011-06-23,11.4
2011-06-24,11.36
2011-06-27,11.39
2011-06-28,11.43
2011-06-29,11.4
2011-06-30,11.43
2011-07-01,11.64
2011-07-05,11.4
2011-07-06,11.44
2011-07-07,11.61
2011-07-08,11.38
2011-07-11,11.05
2011-07-12,10.91
2011-07-13,10.89
2011-07-14,10.75
2011-07-15,10.72
2011-07-18,10.47
2011-07-19,10.6
2011-07-20,10.5
2011-07-21,10.46
2011-07-22,10.41
2011-07-25,10.24
2011-07-26,10.12
2011-07-27,9.94
2011-07-28,9.8
2011-07-29,9.95
2011-08-01,9.72
2011-08-02,9.38
2011-08-03,9.64
2011-08-04,8.84
2011-08-05,8.47
2011-08-08,8.09
2011-08-09,8.45
2011-08-10,8.16
2011-08-11,8.28
2011-08-12,8.32
2011-08-15,8.5
2011-08-16,8.54
2011-08-17,8.47
2011-08-18,8.04
2011-08-19,7.89
2011-08-22,7.84
2011-08-23,8.01
2011-08-24,8.21
2011-08-25,8.12
2011-08-26,8.21
2011-08-29,8.67
2011-08-30,8.55
2011-08-31,8.63
2011-09-01,8.42
2011-09-02,8.26
2011-09-06,8.065
2011-09-07,8.34
2011-09-08,8.14
2011-09-09,8.06
2011-09-12,7.97
2011-09-13,8.32
2011-09-14,8.5
2011-09-15,8.61
2011-09-16,8.965
2011-09-19,8.66
2011-09-20,8.49
2011-09-21,8.31
2011-09-22,8.02
2011-09-23,8.39
2011-09-26,8.72
2011-09-27,8.545
2011-09-28,8.52
2011-09-29,8.62
2011-09-30,8.06
2011-10-03,7.36
2011-10-04,7.48
2011-10-05,7.58
2011-10-06,7.87
2011-10-07,7.69
2011-10-10,7.965
2011-10-11,8.165
2011-10-12,8.33
2011-10-13,8.6
2011-10-14,8.61
2011-10-17,8.61
2011-10-18,8.81
2011-10-19,8.72
2011-10-20,9.09
2011-10-21,8.87
2011-10-24,9.07
2011-10-25,8.735
2011-10-26,8.61
2011-10-27,8.87
2011-10-28,8.79
2011-10-31,8.55
2011-11-01,8.47
2011-11-02,8.49
2011-11-03,8.59
2011-11-04,8.53
2011-11-07,8.42
2011-11-08,8.46
2011-11-09,8.18
2011-11-10,8.11
2011-11-11,8.2
2011-11-14,8.18
2011-11-15,8.19
2011-11-16,8.05
2011-11-17,7.79
2011-11-18,7.82
2011-11-21,7.74
2011-11-22,7.65
2011-11-23,7.41
2011-11-25,7.51
2011-11-28,7.86
2011-11-29,7.93
2011-11-30,8.39
2011-12-01,8.34
2011-12-02,8.29
2011-12-05,8.47
2011-12-06,8.53
2011-12-07,8.59
2011-12-08,8.27
2011-12-09,8.43
2011-12-12,8.42
2011-12-13,8.1699
2011-12-14,8.18
2011-12-15,8.42
2011-12-16,8.71
2011-12-19,8.285
2011-12-20,8.49
2011-12-21,8.37
2011-12-22,8.41
2011-12-23,8.57
2011-12-27,8.51
2011-12-28,8.41
2011-12-29,8.61
2011-12-30,8.57
2012-01-03,8.42
2012-01-04,8.6
2012-01-05,8.61
2012-01-06,8.525
2012-01-09,8.6
2012-01-10,8.7
2012-01-11,8.87
2012-01-12,8.96
2012-01-13,8.83
2012-01-17,8.94
2012-01-18,9.0099
2012-01-19,9.3
2012-01-20,9.4
2012-01-23,9.28
2012-01-24,9.17
2012-01-25,9.52
2012-01-26,9.385
2012-01-27,9.61
2012-01-30,9.38
2012-01-31,9.57
2012-02-01,9.75
2012-02-02,9.76
2012-02-03,10.03
2012-02-06,9.74
2012-02-07,9.65
2012-02-08,9.635
2012-02-09,9.79
2012-02-10,9.61
2012-02-13,9.71
2012-02-14,9.6
2012-02-15,9.525
2012-02-16,9.6
2012-02-17,9.43
2012-02-21,9.09
2012-02-22,9.01
2012-02-23,8.86
2012-02-24,8.67
2012-02-27,8.82
2012-02-28,8.945
2012-02-29,8.98
2012-03-01,8.88
2012-03-02,8.96
2012-03-05,8.73
2012-03-06,8.6
2012-03-07,8.49
2012-03-08,8.49
2012-03-09,8.49
2012-03-12,8.27
2012-03-13,8.42
2012-03-14,8.19
2012-03-15,8.4466
2012-03-16,8.33
2012-03-19,8.4
2012-03-20,8.4
2012-03-21,8.32
2012-03-22,8.2
2012-03-23,8.23
2012-03-26,8.35
2012-03-27,8.23
2012-03-28,8.37
2012-03-29,8.41
2012-03-30,8.23
2012-04-02,8.255
2012-04-03,8.1986
2012-04-04,8.39
2012-04-05,8.305
2012-04-09,8.21
2012-04-10,7.9
2012-04-11,7.95
2012-04-12,8.15
2012-04-13,7.935
2012-04-16,7.99
2012-04-17,8.09
2012-04-18,7.89
2012-04-19,8.23
2012-04-20,7.91
2012-04-23,7.87
2012-04-24,8.01
2012-04-25,7.99
2012-04-26,8.1
2012-04-27,8.25
2012-04-30,8.27
2012-05-01,8.29
2012-05-02,8.17
2012-05-03,8.22
2012-05-04,8.09
2012-05-07,8.27
2012-05-08,8.27
2012-05-09,8.21
2012-05-10,8.11
2012-05-11,8.06
2012-05-14,8.07
2012-05-15,8.07
2012-05-16,8.2
2012-05-17,8.35
2012-05-18,8.15
2012-05-21,8.33
2012-05-22,8.28
2012-05-23,8.35
2012-05-24,8.73
2012-05-25,8.77
2012-05-29,8.95
2012-05-30,8.87
2012-05-31,9.04
2012-06-01,8.9472
2012-06-04,8.6
2012-06-05,8.67
2012-06-06,8.81
2012-06-07,8.87
2012-06-08,9.05
2012-06-11,8.975
2012-06-12,8.99
2012-06-13,9.18
2012-06-14,9.21
2012-06-15,8.9201
2012-06-18,9.04
2012-06-19,9.23
2012-06-20,9.3
2012-06-21,9.21
2012-06-22,9.22
2012-06-25,8.76
2012-06-26,8.86
2012-06-27,9.15
2012-06-28,9.2
2012-06-29,9.23
2012-07-02,9.32
2012-07-03,9.28
2012-07-05,9.15
2012-07-06,9.25
2012-07-09,9.24
2012-07-10,9.62
2012-07-11,9.56
2012-07-12,9.32
2012-07-13,9.45
2012-07-16,9.41
2012-07-17,9.4
2012-07-18,9.43
2012-07-19,9.15
2012-07-20,8.85
2012-07-23,8.72
2012-07-24,8.65
2012-07-25,8.48
2012-07-26,8.68
2012-07-27,8.9
2012-07-30,9.16
2012-07-31,9.19
2012-08-01,9.18
2012-08-02,8.93
2012-08-03,9.14
2012-08-06,9.25
2012-08-07,9.1
2012-08-08,9.1
2012-08-09,9.04
2012-08-10,9.06
2012-08-13,9.11
2012-08-14,9.02
2012-08-15,9.02
2012-08-16,9.07
2012-08-17,9.12
2012-08-20,9.43
2012-08-21,9.47
2012-08-22,9.33
2012-08-23,9.305
2012-08-24,9.21
2012-08-27,9.08
2012-08-28,8.98
2012-08-29,8.89
2012-08-30,8.9625
2012-08-31,8.95
2012-09-04,8.8575
2012-09-05,9.08
2012-09-06,9.21
2012-09-07,9.19
2012-09-10,9.15
2012-09-11,8.96
2012-09-12,9.17
2012-09-13,9.12
2012-09-14,9.07
2012-09-17,9.06
2012-09-18,8.92
2012-09-19,9.05
2012-09-20,8.94
2012-09-21,8.83
2012-09-24,8.9
2012-09-25,8.85
2012-09-26,8.92
2012-09-27,8.89
2012-09-28,8.76
2012-10-01,8.86
2012-10-02,8.97
2012-10-03,9.13
2012-10-04,9.09
2012-10-05,8.98
2012-10-08,8.86
2012-10-09,8.76
2012-10-10,8.76
2012-10-11,8.72
2012-10-12,8.85
2012-10-15,8.89
2012-10-16,8.89
2012-10-17,8.95
2012-10-18,8.99
2012-10-19,8.89
2012-10-22,8.83
2012-10-23,8.78
2012-10-24,8.75
2012-10-25,8.84
2012-10-26,8.74
2012-10-31,8.83
2012-11-01,9.04
2012-11-02,9.035
2012-11-05,9.04
2012-11-06,9.15
2012-11-07,9.02
2012-11-08,9.185
2012-11-09,9.06
2012-11-12,9.06
2012-11-13,9.02
2012-11-14,8.76
2012-11-15,8.83
2012-11-16,8.93
2012-11-19,9.09
2012-11-20,9.1
2012-11-21,9.24
2012-11-23,9.36
2012-11-26,9.39
2012-11-27,9.3
2012-11-28,9.44
2012-11-29,9.51
2012-11-30,9.52
2012-12-03,9.45
2012-12-04,9.64
2012-12-05,9.78
2012-12-06,9.87
2012-12-07,9.8
2012-12-10,9.85
2012-12-11,10.11
2012-12-12,10.02
2012-12-13,10.15
2012-12-14,10.18
2012-12-17,10.36
2012-12-18,10.49
2012-12-19,10.57
2012-12-20,10.53
2012-12-21,10.45
2012-12-24,10.43
2012-12-26,10.32
2012-12-27,10.25
2012-12-28,10.17
2012-12-31,10.24
2013-01-02,10.46
2013-01-03,10.72
2013-01-04,10.87
2013-01-07,10.91
2013-01-08,11.03
2013-01-09,11.0
2013-01-10,11.06
2013-01-11,11.06
2013-01-14,11.03
2013-01-15,11.07
2013-01-16,11.27
2013-01-17,11.41
2013-01-18,11.26
2013-01-22,11.47
2013-01-23,11.36
2013-01-24,11.44
2013-01-25,11.43
2013-01-28,11.42
2013-01-29,11.34
2013-01-30,11.24
2013-01-31,11.21
2013-02-01,11.22
2013-02-04,11.175
2013-02-05,11.26
2013-02-06,11.48
2013-02-07,11.61
2013-02-08,11.63
2013-02-11,11.64
2013-02-12,11.54
2013-02-13,11.6
2013-02-14,11.46
2013-02-15,11.59
2013-02-19,11.7
2013-02-20,11.42
2013-02-21,11.44
2013-02-22,11.6
2013-02-25,11.33
2013-02-26,11.39
2013-02-27,11.81
2013-02-28,11.7
2013-03-01,11.82
2013-03-04,12.04
2013-03-05,12.1
2013-03-06,12.06
2013-03-07,12.08
2013-03-08,12.26
2013-03-11,12.33
2013-03-12,12.33
2013-03-13,12.46
2013-03-14,12.55
2013-03-15,12.39
2013-03-18,12.55
2013-03-19,12.65
2013-03-20,12.8
2013-03-21,12.76
2013-03-22,12.87
2013-03-25,12.87
2013-03-26,12.96
2013-03-27,13.2
2013-03-28,13.47
2013-04-01,13.24
2013-04-02,12.69
2013-04-03,12.53
2013-04-04,12.79
2013-04-05,12.8
2013-04-08,12.93
2013-04-09,12.89
2013-04-10,13.03
2013-04-11,13.1
2013-04-12,13.15
2013-04-15,12.69
2013-04-16,13.17
2013-04-17,13.16
2013-04-18,12.99
2013-04-19,13.34
2013-04-22,13.17
2013-04-23,13.35
2013-04-24,13.4
2013-04-25,13.42
2013-04-26,13.39
2013-04-29,13.53
2013-04-30,13.71
2013-05-01,13.48
2013-05-02,13.75
2013-05-03,14.06
2013-05-06,14.26
2013-05-07,14.2345
2013-05-08,14.32
2013-05-09,14.09
2013-05-10,14.16
2013-05-13,13.94
2013-05-14,13.99
2013-05-15,14.33
2013-05-16,14.15
2013-05-17,14.39
2013-05-20,14.24
2013-05-21,14.3
2013-05-22,14.02
2013-05-23,14.37
2013-05-24,14.28
2013-05-28,14.26
2013-05-29,14.14
2013-05-30,14.28
2013-05-31,14.18
2013-06-03,13.99
2013-06-04,13.92
2013-06-05,13.62
2013-06-06,13.5
2013-06-07,13.89
2013-06-10,13.97
2013-06-11,13.94
2013-06-12,13.88
2013-06-13,13.98
2013-06-14,13.86
2013-06-17,13.79
2013-06-18,13.85
2013-06-19,13.7
2013-06-20,13.53
2013-06-21,13.49
2013-06-24,13.3
2013-06-25,13.36
2013-06-26,12.96
2013-06-27,13.03
2013-06-28,12.89
2013-07-01,13.1
2013-07-02,12.72
2013-07-03,12.71
2013-07-05,12.78
2013-07-08,12.91
2013-07-09,13.1
2013-07-10,13.13
2013-07-11,13.28
2013-07-12,13.44
2013-07-15,13.48
2013-07-16,13.41
2013-07-17,13.63
2013-07-18,13.79
2013-07-19,13.8
2013-07-22,13.86
2013-07-23,13.9
2013-07-24,13.77
2013-07-25,13.81
2013-07-26,13.79
2013-07-29,13.71
2013-07-30,13.83
2013-07-31,13.83
2013-08-01,14.19
2013-08-02,14.17
2013-08-05,14.1
2013-08-06,13.83
2013-08-07,13.77
2013-08-08,13.85
2013-08-09,13.735
2013-08-12,13.71
2013-08-13,13.46
2013-08-14,13.49
2013-08-15,13.31
2013-08-16,13.34
2013-08-19,13.11
2013-08-20,13.15
2013-08-21,13.06
2013-08-22,13.19
2013-08-23,13.26
2013-08-26,13.28
2013-08-27,12.81
2013-08-28,12.78
2013-08-29,12.79
2013-08-30,12.805
2013-09-03,12.82
2013-09-04,13.0
2013-09-05,13.09
2013-09-06,13.11
2013-09-09,13.26
2013-09-10,13.89
2013-09-11,13.86
2013-09-12,13.747
2013-09-13,13.89
2013-09-16,14.1
2013-09-17,14.23
2013-09-18,14.26
2013-09-19,14.56
2013-09-20,14.41
2013-09-23,14.44
2013-09-24,14.71
2013-09-25,14.59
2013-09-26,14.7
2013-09-27,14.65
2013-09-30,14.56
2013-10-01,14.71
2013-10-02,14.66
2013-10-03,14.71
2013-10-04,14.88
2013-10-07,14.88
2013-10-08,14.83
2013-10-09,14.95
2013-10-10,15.12
2013-10-11,15.23
2013-10-14,15.31
2013-10-15,15.21
2013-10-16,15.59
2013-10-17,16.02
2013-10-18,16.08
2013-10-21,16.08
2013-10-22,16.355
2013-10-23,16.42
2013-10-24,17.03
2013-10-25,17.17
2013-10-28,17.09
2013-10-29,17.17
2013-10-30,17.14
2013-10-31,17.22
2013-11-01,17.46
2013-11-04,17.86
2013-11-05,17.86
2013-11-06,17.79
2013-11-07,17.575
2013-11-08,17.68
2013-11-11,17.81
2013-11-12,18.03
2013-11-13,18.01
2013-11-14,18.18
2013-11-15,18.16
2013-11-18,18.14
2013-11-19,18.18
2013-11-20,18.02
2013-11-21,18.45
2013-11-22,18.55
2013-11-25,18.56
2013-11-26,18.53
2013-11-27,18.96
2013-11-29,18.59
2013-12-02,18.61
2013-12-03,18.29
2013-12-04,17.89
2013-12-05,18.0
2013-12-06,18.31
2013-12-09,18.5
2013-12-10,18.59
2013-12-11,17.96
2013-12-12,18.78
2013-12-13,18.63
2013-12-16,18.73
2013-12-17,18.33
2013-12-18,18.67
2013-12-19,18.62
2013-12-20,18.875
2013-12-23,18.89
2013-12-24,18.92
2013-12-26,18.94
2013-12-27,18.74
2013-12-30,18.82
2013-12-31,18.85
2014-01-13,20.72
2014-01-14,21.42
2014-01-15,21.15
2014-01-16,21.46
2014-01-17,21.21
2014-01-21,21.3
2014-01-22,21.77
2014-01-23,21.25
2014-01-24,20.85
2014-01-27,20.6
2014-01-28,21.31
2014-01-29,20.6
2014-01-30,21.22
2014-01-31,20.96
2014-02-03,20.435
2014-02-04,20.64
2014-02-05,20.6
2014-02-06,20.95
2014-02-07,21.42
2014-02-10,21.02
2014-02-11,21.32
2014-02-12,21.2
2014-02-13,21.19
2014-02-14,21.3
2014-02-18,21.025
2014-02-19,20.96
2014-02-20,21.7
2014-02-21,21.75
2014-02-24,22.15
2014-02-25,22.31
2014-02-26,22.42
2014-02-27,22.45
2014-02-28,22.44
2014-03-03,22.3
2014-03-04,22.84
2014-03-05,23.03
2014-03-06,23.13
2014-03-07,23.11
2014-03-10,23.61
2014-03-11,23.79
2014-03-12,23.89
2014-03-13,23.6025
2014-03-14,23.92
2014-03-17,23.98
2014-03-18,23.89
2014-03-19,23.77
2014-03-20,23.88
2014-03-21,23.19
2014-03-24,23.36
2014-03-25,23.695
2014-03-26,23.43
2014-03-27,23.155
2014-03-28,23.17
2014-03-31,23.6
2014-04-01,23.93
2014-04-02,24.08
2014-04-03,24.0
2014-04-04,23.81
2014-04-07,23.42
2014-04-08,23.52
2014-04-09,24.16
2014-04-10,23.12
2014-04-11,22.745
2014-04-14,22.515
2014-04-15,22.91
2014-04-16,23.52
2014-04-17,23.49
2014-04-21,23.58
2014-04-22,23.93
2014-04-23,24.09
2014-04-24,24.28
2014-04-25,23.94
2014-04-28,23.85
2014-04-29,24.19
2014-04-30,24.16
2014-05-01,24.32
2014-05-02,24.19
2014-05-05,24.25
2014-05-06,24.19
2014-05-07,24.18
2014-05-08,24.46
2014-05-09,24.37
2014-05-12,24.94
2014-05-13,24.98
2014-05-14,24.9
2014-05-15,24.77
2014-05-16,24.6
2014-05-19,25.11
2014-05-20,24.955
2014-05-21,25.12
2014-05-22,25.27
2014-05-23,25.78
2014-05-27,25.875
2014-05-28,26.42
2014-05-29,26.44
2014-05-30,26.44
2014-06-02,26.72
2014-06-03,27.2
2014-06-04,27.35
2014-06-05,27.27
2014-06-06,27.58
2014-06-09,27.45
2014-06-10,27.28
2014-06-11,26.95
2014-06-12,25.71
2014-06-13,26.31
2014-06-16,26.09
2014-06-17,26.63
2014-06-18,26.66
2014-06-19,27.08
2014-06-20,27.28
2014-06-23,26.92
2014-06-24,26.64
2014-06-25,26.97
2014-06-26,27.07
2014-06-27,27.15
2014-06-30,26.85
2014-07-01,27.74
2014-07-02,27.46
2014-07-03,27.69
2014-07-07,27.16
2014-07-08,26.71
2014-07-09,27.21
2014-07-10,27.26
2014-07-11,27.43
2014-07-14,27.61
2014-07-15,27.91
2014-07-16,28.04
2014-07-17,27.5
2014-07-18,27.83
2014-07-21,27.67
2014-07-22,28.03
2014-07-23,28.88
2014-07-24,28.67
2014-07-25,29.238
2014-07-28,29.2
2014-07-29,28.7
2014-07-30,28.85
2014-07-31,28.28
2014-08-01,28.43
2014-08-04,28.42
2014-08-05,28.12
2014-08-06,28.13
2014-08-07,28.06
2014-08-08,28.279
2014-08-11,28.63
2014-08-12,28.69
2014-08-13,29.26
2014-08-14,29.75
2014-08-15,29.76
2014-08-18,30.83
2014-08-19,30.73
2014-08-20,31.57
2014-08-21,31.25
2014-08-22,31.87
2014-08-25,32.16
2014-08-26,31.92
2014-08-27,32.23
2014-08-28,32.06
2014-08-29,32.01
2014-09-02,32.9
2014-09-03,32.56
2014-09-04,32.625
2014-09-05,32.82
2014-09-08,32.86
2014-09-09,32.92
2014-09-10,33.63
2014-09-11,33.63
2014-09-12,33.87
2014-09-15,33.86
2014-09-16,34.53
2014-09-17,34.44
2014-09-18,35.2499
2014-09-19,34.65
2014-09-22,34.14
2014-09-23,33.26
2014-09-24,34.32
2014-09-25,33.65
2014-09-26,33.9
2014-09-29,33.679
2014-09-30,33.78
2014-10-01,32.555
2014-10-02,32.45
2014-10-03,33.42
2014-10-06,33.05
2014-10-07,32.23
2014-10-08,32.1
2014-10-09,31.34
2014-10-10,30.57
2014-10-13,28.89
2014-10-14,30.01
2014-10-15,30.01
2014-10-16,30.94
2014-10-17,31.035
2014-10-20,32.835
2014-10-21,34.6
2014-10-22,34.19
2014-10-23,33.25
2014-10-24,33.855
2014-10-27,34.05
2014-10-28,34.52
2014-10-29,34.14
2014-10-30,34.125
2014-10-31,34.47
2014-11-03,35.3
2014-11-04,36.42
2014-11-05,36.74
2014-11-06,37.925
2014-11-07,38.25
2014-11-10,39.13
2014-11-11,39.355
2014-11-12,39.37
2014-11-13,39.48
2014-11-14,38.95
2014-11-17,39.06
2014-11-18,39.68
2014-11-19,39.26
2014-11-20,38.87
2014-11-21,38.025
2014-11-24,38.5
2014-11-25,38.53
2014-11-26,39.28
2014-11-28,41.81
2014-12-01,40.51
2014-12-02,40.455
2014-12-03,41.05
2014-12-04,41.39
2014-12-05,41.12
2014-12-08,42.15
2014-12-09,40.7264
2014-12-10,41.49
2014-12-11,41.9
2014-12-12,41.43
2014-12-15,41.58
2014-12-16,39.59
2014-12-17,40.11
2014-12-18,40.62
2014-12-19,40.34
2014-12-22,41.25
2014-12-23,40.99
2014-12-24,41.68
2014-12-26,41.91
2014-12-29,41.93
2014-12-30,42.1638
2014-12-31,42.305
2015-01-02,42.68
2015-01-05,41.655
2015-01-06,40.47
2015-01-07,40.8
2015-01-08,41.84
2015-01-09,40.8
2015-01-12,40.2501
2015-01-13,40.47
2015-01-14,39.44
2015-01-15,38.91
2015-01-16,39.49
2015-01-20,40.785
2015-01-21,41.86
2015-01-22,45.35
2015-01-23,45.77
2015-01-26,46.39
2015-01-27,45.89
2015-01-28,45.81
2015-01-29,47.01
2015-01-30,45.19
2015-02-02,44.54
2015-02-03,43.24
2015-02-04,44.64
2015-02-05,44.47
2015-02-06,44.15
2015-02-09,43.26
2015-02-10,43.77
2015-02-11,43.5
2015-02-12,43.49
2015-02-13,43.29
2015-02-17,42.6
2015-02-18,43.55
2015-02-19,43.75
2015-02-20,44.78
2015-02-23,44.68
2015-02-24,45.35
2015-02-25,44.1228
2015-02-26,44.08
2015-02-27,43.24
2015-03-02,44.21
2015-03-03,43.95
2015-03-04,44.0076
2015-03-05,44.1
2015-03-06,43.31
2015-03-09,43.4
2015-03-10,42.95
2015-03-11,43.84
2015-03-12,44.99
2015-03-13,44.485
2015-03-16,45.5
2015-03-17,46.235
2015-03-18,45.73
2015-03-19,46.36
2015-03-20,46.355
2015-03-23,45.45
2015-03-24,44.91
2015-03-25,43.71
2015-03-26,43.17
2015-03-27,44.24
2015-03-30,44.57
2015-03-31,44.2951
2015-04-01,43.46
2015-04-02,42.85
2015-04-06,41.09
2015-04-07,41.32
2015-04-08,42.85
2015-04-09,42.82
2015-04-10,42.82
2015-04-13,42.75
2015-04-14,42.52
2015-04-15,41.87
2015-04-16,42.25
2015-04-17,41.8
2015-04-20,42.57
2015-04-21,43.04
2015-04-22,42.84
2015-04-23,43.26
2015-04-24,43.49
2015-04-27,42.3
2015-04-28,41.8831
2015-04-29,40.94
2015-04-30,40.57
2015-05-01,42.59
2015-05-04,41.82
2015-05-05,40.53
2015-05-06,40.88
2015-05-07,42.1
2015-05-08,43.22
2015-05-11,43.02
2015-05-12,42.255
2015-05-13,41.259
2015-05-14,42.12
2015-05-15,41.89
2015-05-18,42.14
2015-05-19,40.92
2015-05-20,37.22
2015-05-21,37.24
2015-05-22,36.86
2015-05-26,36.01
2015-05-27,36.88
2015-05-28,36.81
2015-05-29,37.05
2015-06-01,37.86
2015-06-02,37.83
2015-06-03,37.7239
2015-06-04,37.32
2015-06-05,37.17
2015-06-08,36.13
2015-06-09,34.58
2015-06-10,34.46
2015-06-11,34.71
2015-06-12,35.0
2015-06-15,34.18
2015-06-16,33.92
2015-06-17,33.83
2015-06-18,33.86
2015-06-19,34.2
2015-06-22,34.79
2015-06-23,34.59
2015-06-24,34.355
2015-06-25,34.48
2015-06-26,34.32
2015-06-29,33.18
2015-06-30,33.095
2015-07-01,32.61
2015-07-02,32.51
2015-07-06,33.03
2015-07-07,33.395
2015-07-08,32.37
2015-07-09,32.52
2015-07-10,33.82
2015-07-13,33.9
2015-07-14,33.855
2015-07-15,33.92
2015-07-16,34.56
2015-07-17,34.75
2015-07-20,34.3
2015-07-21,34.71
2015-07-22,35.12
2015-07-23,36.49
2015-07-24,35.01
2015-07-27,35.095
2015-07-28,36.04
2015-07-29,35.53
2015-07-30,36.32
2015-07-31,36.22
2015-08-03,37.535
2015-08-04,37.94
2015-08-05,37.89
2015-08-06,37.83
2015-08-07,37.58
2015-08-10,37.79
2015-08-11,38.37
2015-08-12,38.69
2015-08-13,38.965
2015-08-14,39.36
2015-08-17,40.46
2015-08-18,40.19
2015-08-19,40.44
2015-08-20,39.05
2015-08-21,37.91
2015-08-24,37.22
2015-08-25,36.645
2015-08-26,37.4
2015-08-27,37.32
2015-08-28,37.1
2015-08-31,36.7
2015-09-01,36.39
2015-09-02,37.73
2015-09-03,37.435
2015-09-04,37.22
2015-09-08,38.11
2015-09-09,38.3
2015-09-10,38.36
2015-09-11,38.54
2015-09-14,38.89
2015-09-15,38.8937
2015-09-16,39.14
2015-09-17,39.5
2015-09-18,39.48
2015-09-21,39.38
2015-09-22,38.22
2015-09-23,38.57
2015-09-24,38.16
2015-09-25,38.09
2015-09-28,37.47
2015-09-29,37.67
2015-09-30,38.05
2015-10-01,38.4
2015-10-02,38.37
2015-10-05,39.29
2015-10-06,37.99
2015-10-07,38.71
2015-10-08,38.77
2015-10-09,39.94
2015-10-12,41.22
2015-10-13,40.81
2015-10-14,40.83
2015-10-15,41.23
2015-10-16,40.56
2015-10-19,41.41
2015-10-20,41.4
2015-10-21,41.02
2015-10-22,44.08
2015-10-23,45.22
2015-10-26,45.77
2015-10-27,45.5
2015-10-28,45.4001
2015-10-29,45.81
2015-10-30,46.29
2015-11-02,46.73
2015-11-03,46.96
2015-11-04,46.64
2015-11-05,46.66
2015-11-06,46.85
2015-11-09,46.38
2015-11-10,46.47
2015-11-11,46.71
2015-11-12,46.69
2015-11-13,45.88
2015-11-16,45.74
2015-11-17,45.93
2015-11-18,46.32
2015-11-19,46.89
2015-11-20,47.31
2015-11-23,47.485
2015-11-24,46.22
2015-11-25,45.87
2015-11-27,45.83
2015-11-30,45.89
2015-12-01,47.03
2015-12-02,47.51
2015-12-03,47.27
2015-12-04,49.39
2015-12-07,49.58
2015-12-08,45.03
2015-12-09,44.5
2015-12-10,45.24
2015-12-11,43.41
2015-12-14,43.77
2015-12-15,44.21
2015-12-16,44.81
2015-12-17,43.51
2015-12-18,42.74
2015-12-21,43.3689
2015-12-22,43.53
2015-12-23,43.44
2015-12-24,43.89
2015-12-28,43.82
2015-12-29,44.33
2015-12-30,43.35
2015-12-31,43.07
2016-01-04,41.97
2016-01-05,42.46
2016-01-06,42.87
2016-01-07,41.95
2016-01-08,42.22
2016-01-11,42.04
2016-01-12,42.68
2016-01-13,40.4
2016-01-14,40.45
2016-01-15,39.77
2016-01-19,39.59
2016-01-20,39.31
2016-01-21,39.49
2016-01-22,39.0
2016-01-25,38.2
2016-01-26,38.37
2016-01-27,37.29
2016-01-28,36.19
2016-01-29,37.62
2016-02-01,38.3
2016-02-02,36.46
2016-02-03,36.83
2016-02-04,37.54
2016-02-05,35.69
2016-02-08,34.73
2016-02-09,35.25
2016-02-10,35.54
2016-02-11,35.33
2016-02-12,36.23
2016-02-16,37.07
2016-02-17,38.49
2016-02-18,39.01
2016-02-19,39.31
2016-02-22,40.82
2016-02-23,41.0764
2016-02-24,41.35
2016-02-25,42.59
2016-02-26,42.18
2016-02-29,41.94
2016-03-01,42.48
2016-03-02,41.92
2016-03-03,42.04
2016-03-04,41.5
2016-03-07,41.48
2016-03-08,41.58
2016-03-09,42.305
2016-03-10,42.25
2016-03-11,43.34
2016-03-14,43.8197
2016-03-15,43.64
2016-03-16,44.16
2016-03-17,43.61
2016-03-18,44.5
2016-03-21,44.99
2016-03-22,44.62
2016-03-23,44.44
2016-03-24,44.065
2016-03-28,43.78
2016-03-29,44.64
2016-03-30,44.97
2016-03-31,44.81
2016-04-01,44.56
2016-04-04,44.11
2016-04-05,43.64
2016-04-06,43.67
2016-04-07,43.66
2016-04-08,44.5
2016-04-11,44.39
2016-04-12,44.65
2016-04-13,45.825
2016-04-14,46.71
2016-04-15,47.04
2016-04-18,47.1
2016-04-19,47.1
2016-04-20,47.04
2016-04-21,47.73
2016-04-22,47.2498
2016-04-25,46.86
2016-04-26,46.18
2016-04-27,45.58
2016-04-28,44.06
2016-04-29,44.6
2016-05-02,44.005
2016-05-03,43.135
2016-05-04,41.66
2016-05-05,41.54
2016-05-06,41.72
2016-05-09,42.2
2016-05-10,42.85
2016-05-11,42.11
2016-05-12,41.22
2016-05-13,41.55
2016-05-16,42.24
2016-05-17,42.19
2016-05-18,42.89
2016-05-19,42.17
2016-05-20,42.2
2016-05-23,42.23
2016-05-24,42.8
2016-05-25,42.52
2016-05-26,41.79
2016-05-27,42.31
2016-05-31,42.475
2016-06-01,42.55
2016-06-02,42.172
2016-06-03,41.7
2016-06-06,41.79
2016-06-07,43.07
2016-06-08,43.52
2016-06-09,44.17
2016-06-10,43.63
2016-06-13,42.16
2016-06-14,39.8899
2016-06-15,39.95
2016-06-16,39.79
2016-06-17,39.75
2016-06-20,40.02
2016-06-21,40.525
2016-06-22,40.25
2016-06-23,39.6
2016-06-24,38.32
2016-06-27,36.77
2016-06-28,37.4299
2016-06-29,38.88
2016-06-30,39.2
2016-07-01,39.6
2016-07-05,39.2
2016-07-06,39.13
2016-07-07,39.83
2016-07-08,40.52
2016-07-11,41.03
2016-07-12,42.82
2016-07-13,42.38
2016-07-14,43.16
2016-07-15,43.14
2016-07-18,43.17
2016-07-19,42.72
2016-07-20,42.02
2016-07-21,37.32
2016-07-22,37.81
2016-07-25,37.35
2016-07-26,38.28
2016-07-27,37.48
2016-07-28,37.45
2016-07-29,37.0199
2016-08-01,37.03
2016-08-02,35.54
2016-08-03,35.88
2016-08-04,36.44
2016-08-05,37.845
2016-08-08,37.44
2016-08-09,37.46
2016-08-10,36.98
2016-08-11,37.24
2016-08-12,36.51
2016-08-15,36.88
2016-08-16,36.53
2016-08-17,36.86
2016-08-18,36.84
2016-08-19,36.3315
2016-08-22,36.29
2016-08-23,36.7
2016-08-24,36.68
2016-08-25,36.69
2016-08-26,36.28
2016-08-29,36.44
2016-08-30,37.18
2016-08-31,36.87
2016-09-01,36.58
2016-09-02,36.89
2016-09-06,36.94
2016-09-07,38.67
2016-09-08,38.75
2016-09-09,37.35
2016-09-12,37.82
2016-09-13,37.14
2016-09-14,36.84
2016-09-15,36.98
2016-09-16,36.595
2016-09-19,36.72
2016-09-20,36.81
2016-09-21,36.92
2016-09-22,37.33
2016-09-23,37.25
2016-09-26,36.88
2016-09-27,38.53
2016-09-28,38.07
2016-09-29,38.15
2016-09-30,38.89
2016-10-03,39.74
2016-10-04,39.17
2016-10-05,39.0825
2016-10-06,39.17
2016-10-07,38.47
2016-10-10,39.76
2016-10-11,39.795
2016-10-12,40.01
2016-10-13,41.41
2016-10-14,41.32
2016-10-17,41.23
2016-10-18,41.675
2016-10-19,42.26
2016-10-20,42.26
2016-10-21,42.425
2016-10-24,42.28
2016-10-25,41.935
2016-10-26,38.38
2016-10-27,39.245
2016-10-28,39.1725
2016-10-31,40.04
2016-11-01,39.68
2016-11-02,39.62
2016-11-03,39.7
2016-11-04,40.375
2016-11-07,41.56
2016-11-08,41.93
2016-11-09,42.35
2016-11-10,43.64
2016-11-11,43.83
2016-11-14,45.34
2016-11-15,46.27
2016-11-16,45.85
2016-11-17,46.7
2016-11-18,47.06
2016-11-21,47.36
2016-11-22,47.09
2016-11-23,47.36
2016-11-25,47.43
2016-11-28,47.53
2016-11-29,47.245
2016-11-30,46.635
2016-12-01,47.08
2016-12-02,47.92
2016-12-05,47.07
2016-12-06,47.68
2016-12-07,49.85
2016-12-08,49.59
2016-12-09,49.795
2016-12-12,49.37
2016-12-13,49.55
2016-12-14,49.27
2016-12-15,50.5997
2016-12-16,49.94
2016-12-19,50.3599
2016-12-20,50.9
2016-12-21,50.65
2016-12-22,50.255
2016-12-23,50.44
2016-12-27,50.49
2016-12-28,50.17
2016-12-29,50.21
2016-12-30,49.85
2017-01-03,49.97
2017-01-04,51.3
2017-01-05,50.48
2017-01-06,49.96
2017-01-09,50.31
2017-01-10,51.35
2017-01-11,51.685
2017-01-12,51.01
2017-01-13,51.165
2017-01-17,50.24
2017-01-18,50.38
2017-01-19,50.07
2017-01-20,51.08
2017-01-23,49.95
2017-01-24,49.66
2017-01-25,49.46
2017-01-26,53.93
2017-01-27,52.7
2017-01-30,52.35
2017-01-31,52.31
2017-02-01,52.72
2017-02-02,52.91
2017-02-03,52.87
2017-02-06,53.08
2017-02-07,53.03
2017-02-08,52.915
2017-02-09,54.52
2017-02-10,54.73
2017-02-13,55.73
2017-02-14,55.31
2017-02-15,57.29
2017-02-16,56.34
2017-02-17,57.31
2017-02-21,57.86
2017-02-22,57.9
2017-02-23,57.25
2017-02-24,58.53
2017-02-27,58.43
2017-02-28,57.8
2017-03-01,58.88
2017-03-02,57.56
2017-03-03,58.84
2017-03-06,57.57
2017-03-07,56.84
2017-03-08,56.69
2017-03-09,56.37
2017-03-10,55.9
2017-03-13,54.49
2017-03-14,52.89
2017-03-15,54.29
2017-03-16,54.16
2017-03-17,53.18
2017-03-20,53.44
2017-03-21,51.88
2017-03-22,52.45
2017-03-23,52.38
2017-03-24,52.62
2017-03-27,52.88
2017-03-28,54.2
2017-03-29,53.4744
2017-03-30,53.84
2017-03-31,53.755
2017-04-03,53.99
2017-04-04,53.06
2017-04-05,53.34
2017-04-06,53.4
2017-04-07,54.53
2017-04-10,54.21
2017-04-11,55.07
2017-04-12,55.52
2017-04-13,54.31
2017-04-17,54.71
2017-04-18,54.43
2017-04-19,54.65
2017-04-20,55.95
2017-04-21,55.635
2017-04-24,56.48
2017-04-25,57.09
2017-04-26,56.95
2017-04-27,55.743
2017-04-28,56.215
2017-05-01,56.29
2017-05-02,58.34
2017-05-03,58.165
2017-05-04,58.33
2017-05-05,58.4
2017-05-08,57.46
2017-05-09,58.27
2017-05-10,58.35
2017-05-11,58.08
2017-05-12,57.2
2017-05-15,58.03
2017-05-16,58.25
2017-05-17,57.04
2017-05-18,57.28
2017-05-19,58.04
2017-05-22,58.93
2017-05-23,59.64
2017-05-24,59.58
2017-05-25,60.93
2017-05-26,60.66
2017-05-30,59.5
2017-05-31,60.09
2017-06-01,60.31
2017-06-02,60.36
2017-06-05,60.99
2017-06-06,60.115
2017-06-07,59.96
2017-06-08,59.15
2017-06-09,59.45
2017-06-12,58.99
2017-06-13,59.21
2017-06-14,59.54
2017-06-15,60.13
2017-06-16,60.3
2017-06-19,60.93
2017-06-20,60.32
2017-06-21,61.05
2017-06-22,61.52
2017-06-23,61.91
2017-06-26,61.72
2017-06-27,61.52
2017-06-28,62.01
2017-06-29,61.83
2017-06-30,62.15
2017-07-03,62.07
2017-07-05,63.15
2017-07-06,63.31
2017-07-07,64.23
2017-07-10,63.11
2017-07-11,61.81
2017-07-12,62.08
2017-07-13,62.0
2017-07-14,61.91
2017-07-17,62.15
2017-07-18,61.59
2017-07-19,61.43
2017-07-20,60.38
2017-07-21,60.3
2017-07-24,59.84
2017-07-25,58.82
2017-07-26,59.48
2017-07-27,56.57
2017-07-28,56.55
2017-07-31,55.52
2017-08-01,55.71
2017-08-02,55.69
2017-08-03,56.1
2017-08-04,56.56
2017-08-07,55.3534
2017-08-08,54.78
2017-08-09,54.7
2017-08-10,54.01
2017-08-11,54.15
2017-08-14,54.72
2017-08-15,55.2
2017-08-16,55.33
2017-08-17,53.15
2017-08-18,53.1799
2017-08-21,53.54
2017-08-22,53.45
2017-08-23,51.72
2017-08-24,50.7
2017-08-25,52.68
2017-08-28,51.78
2017-08-29,51.46
2017-08-30,51.5
2017-08-31,52.14
2017-09-01,52.21
2017-09-05,51.14
2017-09-06,51.69
2017-09-07,52.22
2017-09-08,52.89
2017-09-11,53.6
2017-09-12,53.98
2017-09-13,54.64
2017-09-14,54.35
2017-09-15,54.72
2017-09-18,54.09
2017-09-19,53.5365
2017-09-20,54.25
2017-09-21,54.6375
2017-09-22,54.92
2017-09-25,55.12
2017-09-26,55.71
2017-09-27,55.87
2017-09-28,56.17
2017-09-29,55.96
2017-10-02,55.96
2017-10-03,58.53
2017-10-04,58.38
2017-10-05,58.28
2017-10-06,58.45
2017-10-09,57.65
2017-10-10,58.02
2017-10-11,58.55
2017-10-12,58.8
2017-10-13,59.14
2017-10-16,58.91
2017-10-17,58.74
2017-10-18,58.77
2017-10-19,58.64
2017-10-20,59.35
2017-10-23,58.78
2017-10-24,58.8
2017-10-25,57.15
2017-10-26,55.11
2017-10-27,54.12
2017-10-30,54.72
2017-10-31,53.86
2017-11-01,53.99
2017-11-02,53.99
2017-11-03,54.155
2017-11-06,54.52
2017-11-07,53.86
2017-11-08,54.02
2017-11-09,53.47
2017-11-10,53.495
2017-11-13,53.25
2017-11-14,53.74
2017-11-15,54.62
2017-11-16,55.27
2017-11-17,54.705
2017-11-20,54.65
2017-11-21,55.44
2017-11-22,55.1
2017-11-24,55.14
2017-11-27,54.6
2017-11-28,56.18
2017-11-29,58.87
2017-11-30,60.67
2017-12-01,59.9159
2017-12-04,62.04
2017-12-05,61.73
2017-12-06,61.1301
2017-12-07,63.02
2017-12-08,63.33
2017-12-11,63.33
2017-12-12,63.46
2017-12-13,63.17
2017-12-14,63.86
2017-12-15,64.68
2017-12-18,65.7199
2017-12-19,65.93
2017-12-20,66.09
2017-12-21,66.05
2017-12-22,65.98
2017-12-26,65.98
2017-12-27,65.95
2017-12-28,65.87
2017-12-29,65.47
2018-01-02,66.29
2018-01-03,64.91
2018-01-04,64.71
2018-01-05,64.31
2018-01-08,64.02
2018-01-09,62.38
2018-01-10,62.95
2018-01-11,64.84
2018-01-12,65.37
2018-01-16,65.46
2018-01-17,66.05
2018-01-18,65.07
2018-01-19,65.04
2018-01-22,64.91
2018-01-23,65.27
2018-01-24,62.23
2018-01-25,60.19
2018-01-26,60.82
2018-01-29,60.34
2018-01-30,59.84
2018-01-31,60.79
2018-02-01,60.28
2018-02-02,58.71
2018-02-05,57.0
2018-02-06,58.14
2018-02-07,57.91
2018-02-08,55.62
2018-02-09,55.53
2018-02-12,56.8
2018-02-13,57.17
2018-02-14,57.72
2018-02-15,58.2
2018-02-16,58.28
2018-02-20,57.72
2018-02-21,58.03
2018-02-22,57.31
2018-02-23,57.99
2018-02-26,59.5
2018-02-27,58.48
2018-02-28,57.84
2018-03-01,58.0
2018-03-02,57.81
2018-03-05,58.39
2018-03-06,58.25
2018-03-07,57.57
2018-03-08,58.37
2018-03-09,59.69
2018-03-12,59.78
2018-03-13,60.33
2018-03-14,59.63
2018-03-15,59.94
2018-03-16,60.9
2018-03-19,60.6
2018-03-20,60.69
2018-03-21,57.78
2018-03-22,57.0
2018-03-23,56.71
2018-03-26,57.6
2018-03-27,56.69
2018-03-28,56.25
2018-03-29,57.29
2018-04-02,54.33
2018-04-03,55.96
2018-04-04,56.36
2018-04-05,56.84
2018-04-06,55.29
2018-04-09,54.85
2018-04-10,54.12
2018-04-11,53.51
2018-04-12,54.93
2018-04-13,55.08
2018-04-16,54.89
2018-04-17,54.27
2018-04-18,55.81
2018-04-19,54.81
2018-04-20,54.76
2018-04-23,54.97
2018-04-24,53.88
2018-04-25,53.83
2018-04-26,53.31
2018-04-27,53.54
2018-04-30,52.76
2018-05-01,52.97
2018-05-02,52.21
2018-05-03,52.22
2018-05-04,52.79
2018-05-07,52.01
2018-05-08,52.35
2018-05-09,51.57
2018-05-10,51.94
2018-05-11,52.44
2018-05-14,52.2
2018-05-15,51.7
2018-05-16,53.005
2018-05-17,52.465
2018-05-18,52.19
2018-05-21,52.22
2018-05-22,50.85
2018-05-23,50.32
2018-05-24,51.21
2018-05-25,52.865
2018-05-29,51.5
2018-05-30,51.33
2018-05-31,51.07
2018-06-01,50.96
2018-06-04,51.65
2018-06-05,50.89
2018-06-06,50.76
2018-06-07,50.64
2018-06-08,50.49
2018-06-11,50.98
2018-06-12,50.97
2018-06-13,51.36
2018-06-14,51.95
2018-06-15,52.18
2018-06-18,52.35
2018-06-19,51.71
2018-06-20,51.99
2018-06-21,53.15
2018-06-22,51.91
2018-06-25,51.26
2018-06-26,51.141
2018-06-27,50.38
2018-06-28,50.7
2018-06-29,50.89
2018-07-02,51.53
2018-07-03,51.56
2018-07-05,51.85
2018-07-06,52.73
2018-07-09,53.26
2018-07-10,53.02
2018-07-11,52.53
2018-07-12,52.77
2018-07-13,53.1
2018-07-16,53.09
2018-07-17,53.22
2018-07-18,53.9
2018-07-19,53.79
2018-07-20,53.43
2018-07-23,53.56
2018-07-24,51.9
2018-07-25,52.27
2018-07-26,56.75
2018-07-27,58.38
2018-07-30,57.9
2018-07-31,58.15
2018-08-01,56.53
2018-08-02,56.68
2018-08-03,57.405
2018-08-06,57.8
2018-08-07,58.1
2018-08-08,58.82
2018-08-09,59.01
2018-08-10,58.98
2018-08-13,58.85
2018-08-14,59.1
2018-08-15,60.34
2018-08-16,59.53
2018-08-17,59.68
2018-08-20,61.62
2018-08-21,60.99
2018-08-22,60.6
2018-08-23,61.01
2018-08-24,60.99
2018-08-27,60.91
2018-08-28,61.33
2018-08-29,61.22
2018-08-30,60.82
2018-08-31,61.29
2018-09-04,61.985
2018-09-05,61.41
2018-09-06,61.02
2018-09-07,61.91
2018-09-10,62.52
2018-09-11,62.99
2018-09-12,61.37
2018-09-13,62.35
2018-09-14,62.42
2018-09-17,63.1
2018-09-18,63.06
2018-09-19,63.11
2018-09-20,62.51
2018-09-21,63.77
2018-09-24,62.05
2018-09-25,61.66
2018-09-26,62.09
2018-09-27,62.72
2018-09-28,62.44
2018-10-01,61.7
2018-10-02,61.18
2018-10-03,61.68
2018-10-04,61.58
2018-10-05,61.04
2018-10-08,60.62
2018-10-09,59.51
2018-10-10,57.33
2018-10-11,57.02
2018-10-12,57.36
2018-10-15,57.67
2018-10-16,58.93
2018-10-17,59.2
2018-10-18,57.95
2018-10-19,58.14
2018-10-22,57.87
2018-10-23,57.47
2018-10-24,54.59
2018-10-25,49.93
2018-10-26,49.5775
2018-10-29,47.92
2018-10-30,49.14
2018-10-31,49.1
2018-11-01,50.94
2018-11-02,51.83
2018-11-05,51.41
2018-11-06,51.82
2018-11-07,52.88
2018-11-08,52.72
2018-11-09,52.5
2018-11-12,51.91
2018-11-13,52.73
2018-11-14,52.48
2018-11-15,53.23
2018-11-16,52.61
2018-11-19,52.4
2018-11-20,51.56
2018-11-21,52.24
2018-11-23,52.69
2018-11-26,52.76
2018-11-27,52.78
2018-11-28,53.08
2018-11-29,53.22
2018-11-30,54.6
2018-12-03,54.37
2018-12-04,52.7968
2018-12-06,53.6
2018-12-07,51.37
2018-12-10,51.13
2018-12-11,51.07
2018-12-12,50.9
2018-12-13,50.33
2018-12-14,50.11
2018-12-17,49.4
2018-12-18,49.59
2018-12-19,48.77
2018-12-20,47.05
2018-12-21,45.95
2018-12-24,44.44
2018-12-26,46.73
2018-12-27,46.81
2018-12-28,46.75
2018-12-31,46.305
2019-01-02,47.1001
2019-01-03,45.63
2019-01-04,47.815
2019-01-07,47.89
2019-01-08,47.48
2019-01-09,49.085
2019-01-10,48.96
2019-01-11,48.44
2019-01-14,48.78
2019-01-15,49.65
2019-01-16,49.815
2019-01-17,50.56
2019-01-18,51.47
2019-01-22,50.33
2019-01-23,50.885
2019-01-24,54.345
2019-01-25,55.075
2019-01-28,55.47
2019-01-29,56.29
2019-01-30,57.455
2019-01-31,56.82
2019-02-01,57.175
2019-02-04,58.31
2019-02-05,57.955
2019-02-06,57.555
2019-02-07,57.45
2019-02-08,57.6
2019-02-11,58.375
2019-02-12,57.645
2019-02-13,58.03
2019-02-14,57.9985
2019-02-15,57.6601
2019-02-19,57.675
2019-02-20,54.42
2019-02-21,54.3
2019-02-22,53.63
2019-02-25,53.97
2019-02-26,53.71
2019-02-27,53.84
2019-02-28,56.02
2019-03-01,54.35
2019-03-04,53.83
2019-03-05,53.3912
2019-03-06,53.05
2019-03-07,52.42
2019-03-08,51.77
2019-03-11,51.61
2019-03-12,50.4
2019-03-13,50.61
2019-03-14,51.15
2019-03-15,51.37
2019-03-18,51.08
2019-03-19,50.73
2019-03-20,49.69
2019-03-21,50.74
2019-03-22,49.32
2019-03-25,48.7
2019-03-26,48.75
2019-03-27,49.84
2019-03-28,50.44
2019-03-29,51.91
2019-04-01,52.43
2019-04-02,52.71
2019-04-03,52.89
2019-04-04,53.18
2019-04-05,53.26
2019-04-08,51.94
2019-04-09,51.89
2019-04-10,52.62
2019-04-11,53.0
2019-04-12,53.14
2019-04-15,52.3
2019-04-16,52.78
2019-04-17,52.76
2019-04-18,52.19
2019-04-22,51.71
2019-04-23,52.8
2019-04-24,52.92
2019-04-25,53.36
2019-04-26,52.98
2019-04-29,53.83
2019-04-30,54.22
2019-05-01,53.89
2019-05-02,53.37
2019-05-03,53.62
2019-05-06,53.48
2019-05-07,52.2
2019-05-08,52.43
2019-05-09,52.46
2019-05-10,52.75
2019-05-13,51.02
2019-05-14,51.65
2019-05-15,52.01
2019-05-16,52.58
2019-05-17,52.24
2019-05-20,52.0
2019-05-21,53.38
2019-05-22,52.57
2019-05-23,50.97
2019-05-24,51.16
2019-05-28,50.02
2019-05-29,49.56
2019-05-30,49.39
2019-05-31,47.59
2019-06-03,47.78
2019-06-04,48.94
2019-06-05,50.22
2019-06-06,49.98
2019-06-07,50.36
2019-06-10,50.29
2019-06-11,50.57
2019-06-12,50.81
2019-06-13,52.39
2019-06-14,51.81
2019-06-17,51.19
2019-06-18,51.71
2019-06-19,51.5
2019-06-20,51.5
2019-06-21,51.22
2019-06-24,51.22
2019-06-25,51.0
2019-06-26,50.72
2019-06-27,50.73
2019-06-28,50.79
2019-07-01,51.54
2019-07-02,51.43
2019-07-03,51.88
2019-07-05,51.88
2019-07-08,52.09
2019-07-09,51.71
2019-07-10,51.87
2019-07-11,51.84
2019-07-12,52.51
2019-07-15,52.28
2019-07-16,53.2732
2019-07-17,52.31
2019-07-18,52.44
2019-07-19,52.04
2019-07-22,52.69
2019-07-23,54.13
2019-07-24,54.71
2019-07-25,54.91
2019-07-26,53.26
2019-07-29,52.89
2019-07-30,52.56
2019-07-31,51.52
2019-08-01,50.97
2019-08-02,50.61
2019-08-05,48.95
2019-08-06,49.72
2019-08-07,49.93
2019-08-08,50.5
2019-08-09,50.45
2019-08-12,50.06
2019-08-13,49.92
2019-08-14,48.76
2019-08-15,48.22
2019-08-16,49.78
2019-08-19,50.63
2019-08-20,50.05
2019-08-21,50.6
2019-08-22,51.19
2019-08-23,50.57
2019-08-26,50.69
2019-08-27,50.52
2019-08-28,51.18
2019-08-29,52.3
2019-08-30,52.32
2019-09-03,51.38
2019-09-04,52.1
2019-09-05,52.52
2019-09-06,52.14
2019-09-09,53.09
2019-09-10,53.41
2019-09-11,54.69
2019-09-12,54.98
2019-09-13,55.77
2019-09-16,55.8
2019-09-17,55.73
2019-09-18,56.23
2019-09-19,55.11
2019-09-20,54.48
2019-09-23,54.49
2019-09-24,54.74
2019-09-25,54.82
2019-09-26,54.58
2019-09-27,54.35
2019-09-30,54.0
2019-10-01,53.37
2019-10-02,52.04
2019-10-03,52.27
2019-10-04,52.78
2019-10-07,53.03
2019-10-08,53.02
2019-10-09,53.47
2019-10-10,53.67
2019-10-11,53.91
2019-10-14,54.02
2019-10-15,54.15
2019-10-16,53.67
2019-10-17,53.84
2019-10-18,53.46
2019-10-21,53.22
2019-10-22,52.91
2019-10-23,53.2
2019-10-24,56.28
2019-10-25,56.73
2019-10-28,57.63
2019-10-29,57.21
2019-10-30,57.04
2019-10-31,56.13
2019-11-01,56.27
2019-11-04,56.98
2019-11-05,57.89
2019-11-06,57.86
2019-11-07,58.26
2019-11-08,58.17
2019-11-11,58.26
2019-11-12,57.87
2019-11-13,57.59
2019-11-14,57.63
2019-11-15,57.81
2019-11-18,57.76
2019-11-19,57.54
2019-11-20,56.83
2019-11-21,56.59
2019-11-22,57.0
2019-11-25,57.56
2019-11-26,57.61
2019-11-27,57.75
2019-11-29,57.64
2019-12-02,56.71
2019-12-03,55.93
2019-12-04,55.79
2019-12-05,55.53
2019-12-06,55.94
2019-12-09,55.459
2019-12-10,54.92
2019-12-11,53.98
2019-12-12,54.48
2019-12-13,54.14
2019-12-16,54.34
2019-12-17,54.17
2019-12-18,53.61
2019-12-19,54.1
2019-12-20,54.62
2019-12-23,55.25
2019-12-24,54.92
2019-12-26,54.91
2019-12-27,54.33
2019-12-30,54.09
2019-12-31,53.98
2020-01-02,54.85
2020-01-03,54.33
2020-01-06,54.14
2020-01-07,54.29
2020-01-08,54.37
2020-01-09,54.3
2020-01-10,53.94
2020-01-13,54.005
2020-01-14,54.49
2020-01-15,55.05
2020-01-16,55.31
2020-01-17,55.01
2020-01-21,53.54
2020-01-22,53.49
2020-01-23,55.4
2020-01-24,56.55
2020-01-27,56.25
2020-01-28,57.605
2020-01-29,56.89
2020-01-30,55.83
2020-01-31,54.97
2020-02-03,55.22
2020-02-04,55.69
2020-02-05,56.95
2020-02-06,57.72
2020-02-07,57.26
2020-02-10,57.44
2020-02-11,57.93
2020-02-12,58.49
2020-02-13,58.54
2020-02-14,57.99
2020-02-18,57.6
2020-02-19,57.08
2020-02-20,56.92
2020-02-21,56.52
2020-02-24,54.11
2020-02-25,49.67
2020-02-26,48.86
2020-02-27,46.62
2020-02-28,46.22
2020-03-02,46.97
2020-03-03,45.2
2020-03-04,46.92
2020-03-05,45.24
2020-03-06,45.74
2020-03-09,43.58
2020-03-10,45.58
2020-03-11,42.48
2020-03-12,36.07
2020-03-13,41.28
2020-03-16,37.52
2020-03-17,38.25
2020-03-18,35.15
2020-03-19,30.85
2020-03-20,31.94
2020-03-23,33.72
2020-03-24,37.66
2020-03-25,39.33
2020-03-26,41.2
2020-03-27,36.375
2020-03-30,35.105
2020-03-31,35.57
2020-04-01,32.0301
2020-04-02,31.51
2020-04-03,30.54
2020-04-06,30.7
2020-04-07,32.77
2020-04-08,34.29
2020-04-09,36.5
2020-04-13,34.26
2020-04-14,34.77
2020-04-15,32.83
2020-04-16,30.66
2020-04-17,31.19
2020-04-20,31.05
2020-04-21,30.11
2020-04-22,29.76
2020-04-23,30.1
2020-04-24,29.33
2020-04-27,29.105
2020-04-28,29.72
2020-04-29,30.97
2020-04-30,31.24
2020-05-01,29.23
2020-05-04,27.59
2020-05-05,26.42
2020-05-06,24.92
2020-05-07,25.44
2020-05-08,27.1887
2020-05-11,26.08
2020-05-12,25.21
2020-05-13,23.99
2020-05-14,24.77
2020-05-15,23.8587
2020-05-18,27.07
2020-05-19,27.7
2020-05-20,29.15
2020-05-21,29.59
2020-05-22,28.87
2020-05-26,32.53
2020-05-27,33.65
2020-05-28,32.55
2020-05-29,32.11
2020-06-01,33.63
2020-06-02,34.48
2020-06-03,36.42
2020-06-04,38.295
2020-06-05,38.16
2020-06-08,40.58
2020-06-09,38.0
2020-06-10,37.12
2020-06-11,32.83
2020-06-12,35.0582
2020-06-15,36.33
2020-06-16,36.58
2020-06-17,36.31
2020-06-18,35.83
2020-06-19,34.53
2020-06-22,34.33
2020-06-23,34.75
2020-06-24,32.27
2020-06-25,32.94
2020-06-26,31.95
2020-06-29,35.04
2020-06-30,34.15
2020-07-01,33.805
2020-07-02,34.1168
2020-07-06,34.29
2020-07-07,33.02
2020-07-08,32.89
2020-07-09,31.59
2020-07-10,33.205
2020-07-13,32.65
2020-07-14,33.27
2020-07-15,35.76
2020-07-16,34.22
2020-07-17,34.13
2020-07-20,32.97
2020-07-21,33.6
2020-07-22,33.29
2020-07-23,32.8
2020-07-24,31.66
2020-07-27,31.54
2020-07-28,32.3
2020-07-29,31.78
2020-07-30,30.97
2020-07-31,30.88
2020-08-03,31.58
2020-08-04,31.41
2020-08-05,32.71
2020-08-06,33.01
2020-08-07,33.29
2020-08-10,34.99
2020-08-11,35.3
2020-08-12,35.25
2020-08-13,34.72
2020-08-14,34.9
2020-08-17,33.81
2020-08-18,34.16
2020-08-19,34.27
2020-08-20,34.46
2020-08-21,34.69
2020-08-24,36.94
2020-08-25,37.075
2020-08-26,36.39
2020-08-27,37.65
2020-08-28,38.81
2020-08-31,37.59
2020-09-01,37.92
2020-09-02,39.155
2020-09-03,38.74
2020-09-04,39.38
2020-09-08,40.51
2020-09-09,39.23
2020-09-10,38.93
2020-09-11,38.96
2020-09-14,40.06
2020-09-15,40.59
2020-09-16,42.16
2020-09-17,40.39
2020-09-18,39.85
2020-09-21,37.51
2020-09-22,38.12
2020-09-23,37.56
2020-09-24,36.86
2020-09-25,37.09
2020-09-28,38.24
2020-09-29,37.61
2020-09-30,37.49
2020-10-01,37.925
2020-10-02,38.75
2020-10-05,38.49
2020-10-06,37.57
2020-10-07,38.57
2020-10-08,38.98
2020-10-09,39.76
2020-10-12,39.2
2020-10-13,39.14
2020-10-14,39.26
2020-10-15,38.8
2020-10-16,39.67
2020-10-19,39.86
2020-10-20,40.15
2020-10-21,39.8499
2020-10-22,41.93
2020-10-23,42.8
2020-10-26,41.11
2020-10-27,39.93
2020-10-28,38.17
2020-10-29,39.55
2020-10-30,39.54
2020-11-02,38.4
2020-11-03,38.83
2020-11-04,38.93
2020-11-05,41.03
2020-11-06,40.01
2020-11-09,43.9
2020-11-10,44.85
2020-11-11,43.23
2020-11-12,41.92
2020-11-13,43.95
2020-11-16,45.59
2020-11-17,45.65
2020-11-18,45.6
2020-11-19,46.07
2020-11-20,45.55
2020-11-23,46.82
2020-11-24,48.24
2020-11-25,48.28
2020-11-27,47.74
2020-11-30,46.33
2020-12-01,47.29
2020-12-02,47.45
2020-12-03,47.82
2020-12-04,47.59
2020-12-07,47.9
2020-12-08,47.28
2020-12-09,45.75
2020-12-10,46.8
2020-12-11,45.89
2020-12-14,45.26
2020-12-15,46.42
2020-12-16,45.74
2020-12-17,46.4
2020-12-18,46.05
2020-12-21,45.79
2020-12-22,45.31
2020-12-23,46.74
2020-12-24,46.24
2020-12-28,46.11
2020-12-29,46.16
2020-12-30,46.42
2020-12-31,46.6
2021-01-04,45.04
2021-01-05,45.63
2021-01-06,46.75
2021-01-07,47.32
2021-01-08,46.98
2021-01-11,47.43
2021-01-12,48.12
2021-01-13,47.99
2021-01-14,48.82
2021-01-15,46.67
2021-01-19,46.91
2021-01-20,48.2
2021-01-21,47.79
2021-01-22,47.4
2021-01-25,45.62
2021-01-26,45.78
2021-01-27,44.24
2021-01-28,44.59
2021-01-29,43.94
2021-02-01,44.78
2021-02-02,45.62
2021-02-03,46.56
2021-02-04,49.13
2021-02-05,50.06
2021-02-08,52.26
2021-02-09,51.18
2021-02-10,51.29
2021-02-11,51.42
2021-02-12,51.35
2021-02-16,51.95
2021-02-17,52.44
2021-02-18,51.95
2021-02-19,52.8
2021-02-22,54.79
2021-02-23,56.72
2021-02-24,59.28
2021-02-25,58.3
2021-02-26,58.13
2021-03-01,58.02
2021-03-02,57.81
2021-03-03,57.82
2021-03-04,56.09
2021-03-05,56.9
2021-03-08,60.57
2021-03-09,58.94
2021-03-10,58.51
2021-03-11,58.47
2021-03-12,61.03
2021-03-15,62.11
2021-03-16,60.55
2021-03-17,61.77
2021-03-18,60.93
2021-03-19,61.04
2021-03-22,59.44
2021-03-23,57.62
2021-03-24,57.69
2021-03-25,59.91
2021-03-26,61.28
2021-03-29,60.96
2021-03-30,61.94
2021-03-31,61.1
2021-04-01,61.3
2021-04-05,62.9599
2021-04-06,64.09
2021-04-07,63.51
2021-04-08,63.45
2021-04-09,63.41
2021-04-12,62.65
2021-04-13,63.23
2021-04-14,63.04
2021-04-15,62.94
2021-04-16,62.4
2021-04-19,62.03
2021-04-20,59.85
2021-04-21,62.04
2021-04-22,61.08
2021-04-23,61.5238
2021-04-26,62.0
2021-04-27,62.4
2021-04-28,61.785
2021-04-29,62.27
2021-04-30,62.775
2021-05-03,62.15
2021-05-04,60.81
2021-05-05,60.84
2021-05-06,60.7
2021-05-07,61.663
2021-05-10,61.35
2021-05-11,59.77
2021-05-12,58.21
2021-05-13,59.93
2021-05-14,62.3
2021-05-17,62.08
2021-05-18,62.075
2021-05-19,60.39
2021-05-20,59.93
2021-05-21,60.08
2021-05-24,60.69
2021-05-25,60.56
2021-05-26,61.22
2021-05-27,61.79
2021-05-28,61.47
2021-06-01,61.35
2021-06-02,60.875
2021-06-03,58.252
2021-06-04,58.55
2021-06-07,58.27
2021-06-08,58.89
2021-06-09,58.42
2021-06-10,57.49
2021-06-11,57.57
2021-06-14,57.28
2021-06-15,57.13
2021-06-16,56.67
2021-06-17,55.57
2021-06-18,55.18
2021-06-21,56.29
2021-06-22,55.76
2021-06-23,55.19
2021-06-24,54.66
2021-06-25,54.56
